time_unix,monotonic,time_unix,uptime_s,cpu_load_pct,mem_used_pct,tasks_running,pixhawk_connected,vesc_connected,power_connected,photodiode_connected,pps_synced,pps_rms_us
1778197105.019,5780.776,1778197105.013102,0.0,0.0,0.0,0.0,0.0,1.0,0.0,0.0,0.0,0.0
1778197105.270,5781.027,1778197105.264254,0.0,0.0,0.0,0.0,1.0,1.0,0.0,0.0,0.0,0.0
1778197105.521,5781.277,1778197105.5149562,0.0,0.0,0.0,0.0,1.0,1.0,0.0,0.0,0.0,0.0
1778197105.772,5781.528,1778197105.7659707,0.0,0.0,0.0,0.0,1.0,1.0,0.0,0.0,0.0,0.0
1778197106.022,5781.779,1778197106.0166335,0.0,0.0,0.0,0.0,1.0,1.0,0.0,0.0,0.0,0.0
1778197106.273,5782.030,1778197106.2673273,0.0,0.0,0.0,0.0,1.0,1.0,0.0,0.0,0.0,0.0
1778197106.524,5782.280,1778197106.5182025,0.0,0.0,0.0,0.0,1.0,1.0,0.0,0.0,0.0,0.0
1778197106.774,5782.531,1778197106.768922,0.0,0.0,0.0,0.0,1.0,1.0,0.0,0.0,0.0,0.0
1778197107.025,5782.782,1778197107.0201004,0.0,0.0,0.0,0.0,1.0,1.0,0.0,0.0,0.0,0.0
1778197107.276,5783.032,1778197107.270863,4.016923940000197,24.853515625,6.201724135343278,12.0,1.0,1.0,0.0,0.0,1.0,0.0
1778197107.527,5783.283,1778197107.5215392,4.016923940000197,24.853515625,6.201724135343278,12.0,1.0,1.0,0.0,0.0,1.0,0.0
1778197107.777,5783.534,1778197107.7722368,4.016923940000197,24.853515625,6.201724135343278,12.0,1.0,1.0,0.0,0.0,1.0,0.0
1778197108.028,5783.784,1778197108.0228896,4.016923940000197,24.853515625,6.201724135343278,12.0,1.0,1.0,0.0,0.0,1.0,0.0
1778197108.279,5784.035,1778197108.2740166,4.016923940000197,24.853515625,6.201724135343278,12.0,1.0,1.0,0.0,0.0,1.0,0.0
1778197108.529,5784.286,1778197108.524819,4.016923940000197,24.853515625,6.201724135343278,12.0,1.0,1.0,0.0,0.0,1.0,0.0
1778197108.780,5784.537,1778197108.775569,4.016923940000197,24.853515625,6.201724135343278,12.0,1.0,1.0,0.0,0.0,1.0,0.0
1778197109.031,5784.787,1778197109.0262609,4.016923940000197,24.853515625,6.201724135343278,12.0,1.0,1.0,0.0,0.0,1.0,0.0
1778197109.281,5785.038,1778197109.2769327,6.036842237000201,22.8515625,6.207777770551215,12.0,1.0,1.0,0.0,0.0,1.0,0.0
1778197109.532,5785.289,1778197109.5275965,6.036842237000201,22.8515625,6.207777770551215,12.0,1.0,1.0,0.0,0.0,1.0,0.0
1778197109.783,5785.540,1778197109.7783206,6.036842237000201,22.8515625,6.207777770551215,12.0,1.0,1.0,0.0,0.0,1.0,0.0
1778197110.034,5785.790,1778197110.0291235,6.036842237000201,22.8515625,6.207777770551215,12.0,1.0,1.0,0.0,0.0,1.0,0.0
1778197110.284,5786.041,1778197110.2799342,6.036842237000201,22.8515625,6.207777770551215,12.0,1.0,1.0,0.0,0.0,1.0,0.0
1778197110.535,5786.292,1778197110.5306756,6.036842237000201,22.8515625,6.207777770551215,12.0,1.0,1.0,0.0,0.0,1.0,0.0
1778197110.786,5786.542,1778197110.781689,6.036842237000201,22.8515625,6.207777770551215,12.0,1.0,1.0,0.0,0.0,1.0,0.0
1778197111.037,5786.793,1778197111.0323856,6.036842237000201,22.8515625,6.207777770551215,12.0,1.0,1.0,0.0,0.0,1.0,0.0
1778197111.288,5787.044,1778197111.2830462,8.05594918800034,22.8515625,6.207527620336006,12.0,1.0,1.0,0.0,0.0,1.0,0.0
1778197111.538,5787.295,1778197111.5337327,8.05594918800034,22.8515625,6.207527620336006,12.0,1.0,1.0,0.0,0.0,1.0,0.0
1778197111.789,5787.546,1778197111.784436,8.05594918800034,22.8515625,6.207527620336006,12.0,1.0,1.0,0.0,0.0,1.0,0.0
1778197112.040,5787.797,1778197112.0350976,8.05594918800034,22.8515625,6.207527620336006,12.0,1.0,1.0,0.0,0.0,1.0,0.0
1778197112.291,5788.047,1778197112.2858424,8.05594918800034,22.8515625,6.207527620336006,12.0,1.0,1.0,0.0,0.0,1.0,0.0
1778197112.542,5788.298,1778197112.5365214,8.05594918800034,22.8515625,6.207527620336006,12.0,1.0,1.0,0.0,0.0,1.0,0.0
1778197112.792,5788.549,1778197112.7872057,8.05594918800034,22.8515625,6.207527620336006,12.0,1.0,1.0,0.0,0.0,1.0,0.0
1778197113.043,5788.799,1778197113.037995,8.05594918800034,22.8515625,6.207527620336006,12.0,1.0,1.0,0.0,0.0,1.0,0.0
1778197113.293,5789.050,1778197113.2889137,10.076000568000381,22.8515625,6.207527620336006,12.0,1.0,1.0,0.0,0.0,1.0,0.0
1778197113.544,5789.301,1778197113.5395818,10.076000568000381,22.8515625,6.207527620336006,12.0,1.0,1.0,0.0,0.0,1.0,0.0
1778197113.795,5789.551,1778197113.790255,10.076000568000381,22.8515625,6.207527620336006,12.0,1.0,1.0,0.0,0.0,1.0,0.0
1778197114.045,5789.802,1778197114.040898,10.076000568000381,22.8515625,6.207527620336006,12.0,1.0,1.0,0.0,0.0,1.0,0.0
1778197114.297,5790.053,1778197114.291596,10.076000568000381,22.8515625,6.207527620336006,12.0,1.0,1.0,0.0,0.0,1.0,0.0
1778197114.547,5790.304,1778197114.542276,10.076000568000381,22.8515625,6.207527620336006,12.0,1.0,1.0,0.0,0.0,1.0,0.0
1778197114.798,5790.554,1778197114.792968,10.076000568000381,22.8515625,6.207527620336006,12.0,1.0,1.0,0.0,0.0,1.0,0.0
1778197115.049,5790.805,1778197115.0438507,10.076000568000381,22.8515625,6.207527620336006,12.0,1.0,1.0,0.0,0.0,1.0,0.0
1778197115.299,5791.056,1778197115.2950518,12.094350252000368,20.99609375,6.207377530206893,12.0,1.0,1.0,0.0,0.0,1.0,0.0
1778197115.550,5791.306,1778197115.5460024,12.094350252000368,20.99609375,6.207377530206893,12.0,1.0,1.0,0.0,0.0,1.0,0.0
1778197115.801,5791.557,1778197115.79668,12.094350252000368,20.99609375,6.207377530206893,12.0,1.0,1.0,0.0,0.0,1.0,0.0
1778197116.052,5791.808,1778197116.047348,12.094350252000368,20.99609375,6.207377530206893,12.0,1.0,1.0,0.0,0.0,1.0,0.0
1778197116.302,5792.059,1778197116.2979717,12.094350252000368,20.99609375,6.207377530206893,12.0,1.0,1.0,0.0,0.0,1.0,0.0
1778197116.503,5792.259,1778197116.4984815,12.094350252000368,20.99609375,6.207377530206893,12.0,1.0,1.0,0.0,0.0,1.0,0.0
1778197116.754,5792.510,1778197116.749145,12.094350252000368,20.99609375,6.207377530206893,12.0,1.0,1.0,0.0,0.0,1.0,0.0
1778197117.004,5792.761,1778197116.9997895,12.094350252000368,20.99609375,6.207377530206893,12.0,1.0,1.0,0.0,0.0,1.0,0.0
1778197117.255,5793.011,1778197117.2504594,14.11351846100024,20.99609375,6.207327500163851,12.0,1.0,1.0,0.0,0.0,1.0,0.0
1778197117.505,5793.262,1778197117.5010724,14.11351846100024,20.99609375,6.207327500163851,12.0,1.0,1.0,0.0,0.0,1.0,0.0
1778197117.756,5793.513,1778197117.751983,14.11351846100024,20.99609375,6.207327500163851,12.0,1.0,1.0,0.0,0.0,1.0,0.0
1778197118.007,5793.763,1778197118.0027354,14.11351846100024,20.99609375,6.207327500163851,12.0,1.0,1.0,0.0,0.0,1.0,0.0
1778197118.257,5794.014,1778197118.2533984,14.11351846100024,20.99609375,6.207327500163851,12.0,1.0,1.0,0.0,0.0,1.0,0.0
1778197118.508,5794.264,1778197118.5041597,14.11351846100024,20.99609375,6.207327500163851,12.0,1.0,1.0,0.0,0.0,1.0,0.0
1778197118.759,5794.515,1778197118.7548525,14.11351846100024,20.99609375,6.207327500163851,12.0,1.0,1.0,0.0,0.0,1.0,0.0
1778197119.010,5794.766,1778197119.0055637,14.11351846100024,20.99609375,6.207327500163851,12.0,1.0,1.0,0.0,0.0,1.0,0.0
1778197119.260,5795.017,1778197119.2562993,16.133327604999977,27.34375,6.207177410034726,12.0,1.0,1.0,0.0,0.0,1.0,0.0
1778197119.511,5795.268,1778197119.5070019,16.133327604999977,27.34375,6.207177410034726,12.0,1.0,1.0,0.0,0.0,1.0,0.0
1778197119.762,5795.518,1778197119.7577322,16.133327604999977,27.34375,6.207177410034726,12.0,1.0,1.0,0.0,0.0,1.0,0.0
1778197120.012,5795.769,1778197120.0084243,16.133327604999977,27.34375,6.207177410034726,12.0,1.0,1.0,0.0,0.0,1.0,0.0
1778197120.263,5796.020,1778197120.2593017,16.133327604999977,27.34375,6.207177410034726,12.0,1.0,1.0,0.0,0.0,1.0,0.0
1778197120.514,5796.270,1778197120.5099957,16.133327604999977,27.34375,6.207177410034726,12.0,1.0,1.0,0.0,0.0,1.0,0.0
1778197120.764,5796.521,1778197120.760725,16.133327604999977,27.34375,6.207177410034726,12.0,1.0,1.0,0.0,0.0,1.0,0.0
1778197121.016,5796.772,1778197121.0113506,16.133327604999977,27.34375,6.207177410034726,12.0,1.0,1.0,0.0,0.0,1.0,0.0
1778197121.266,5797.023,1778197121.2620246,18.151997654000297,27.34375,6.210029122488059,12.0,1.0,1.0,0.0,0.0,1.0,0.0
1778197121.517,5797.274,1778197121.5127304,18.151997654000297,27.34375,6.210029122488059,12.0,1.0,1.0,0.0,0.0,1.0,0.0
1778197121.768,5797.524,1778197121.7634468,18.151997654000297,27.34375,6.210029122488059,12.0,1.0,1.0,0.0,0.0,1.0,0.0
1778197122.019,5797.775,1778197122.0141258,18.151997654000297,27.34375,6.210029122488059,12.0,1.0,1.0,0.0,0.0,1.0,0.0
1778197122.269,5798.026,1778197122.2648501,18.151997654000297,27.34375,6.210029122488059,12.0,1.0,1.0,0.0,0.0,1.0,0.0
1778197122.520,5798.277,1778197122.5158603,18.151997654000297,27.34375,6.210029122488059,12.0,1.0,1.0,0.0,0.0,1.0,0.0
1778197122.771,5798.527,1778197122.766929,18.151997654000297,27.34375,6.210029122488059,12.0,1.0,1.0,0.0,0.0,1.0,0.0
1778197123.021,5798.778,1778197123.0176287,18.151997654000297,27.34375,6.210029122488059,12.0,1.0,1.0,0.0,0.0,1.0,0.0
1778197123.272,5799.029,1778197123.2683825,20.17113636399972,27.34375,6.209979092445018,12.0,1.0,1.0,0.0,0.0,1.0,0.0
1778197123.523,5799.280,1778197123.519055,20.17113636399972,27.34375,6.209979092445018,12.0,1.0,1.0,0.0,0.0,1.0,0.0
1778197123.774,5799.531,1778197123.7697315,20.17113636399972,27.34375,6.209979092445018,12.0,1.0,1.0,0.0,0.0,1.0,0.0
1778197124.025,5799.781,1778197124.020382,20.17113636399972,27.34375,6.209979092445018,12.0,1.0,1.0,0.0,0.0,1.0,0.0
1778197124.276,5800.032,1778197124.2711017,20.17113636399972,27.34375,6.209979092445018,12.0,1.0,1.0,0.0,0.0,1.0,0.0
1778197124.526,5800.283,1778197124.521816,20.17113636399972,27.34375,6.209979092445018,12.0,1.0,1.0,0.0,0.0,1.0,0.0
1778197124.777,5800.533,1778197124.7725706,20.17113636399972,27.34375,6.209979092445018,12.0,1.0,1.0,0.0,0.0,1.0,0.0
1778197125.028,5800.784,1778197125.0232458,20.17113636399972,27.34375,6.209979092445018,12.0,1.0,1.0,0.0,0.0,1.0,0.0
1778197125.278,5801.035,1778197125.274376,22.191486706000433,33.203125,6.209979092445018,12.0,1.0,1.0,0.0,0.0,1.0,0.0
1778197125.529,5801.285,1778197125.525134,22.191486706000433,33.203125,6.209979092445018,12.0,1.0,1.0,0.0,0.0,1.0,0.0
1778197125.780,5801.536,1778197125.7759316,22.191486706000433,33.203125,6.209979092445018,12.0,1.0,1.0,0.0,0.0,1.0,0.0
1778197126.030,5801.787,1778197126.0266685,22.191486706000433,33.203125,6.209979092445018,12.0,1.0,1.0,0.0,0.0,1.0,0.0
1778197126.281,5802.038,1778197126.2774248,22.191486706000433,33.203125,6.209979092445018,12.0,1.0,1.0,0.0,0.0,1.0,0.0
1778197126.532,5802.288,1778197126.5281289,22.191486706000433,33.203125,6.209979092445018,12.0,1.0,1.0,0.0,0.0,1.0,0.0
1778197126.783,5802.539,1778197126.7788622,22.191486706000433,33.203125,6.209979092445018,12.0,1.0,1.0,0.0,0.0,1.0,0.0
1778197127.034,5802.791,1778197127.0296116,22.191486706000433,33.203125,6.209979092445018,12.0,1.0,1.0,0.0,0.0,1.0,0.0
1778197127.285,5803.041,1778197127.2805848,24.209933197000282,33.203125,6.209879032358934,12.0,1.0,1.0,0.0,0.0,1.0,0.0
1778197127.536,5803.292,1778197127.5316074,24.209933197000282,33.203125,6.209879032358934,12.0,1.0,1.0,0.0,0.0,1.0,0.0
1778197127.786,5803.543,1778197127.7825453,24.209933197000282,33.203125,6.209879032358934,12.0,1.0,1.0,0.0,0.0,1.0,0.0
1778197128.037,5803.794,1778197128.0332363,24.209933197000282,33.203125,6.209879032358934,12.0,1.0,1.0,0.0,0.0,1.0,0.0
1778197128.288,5804.045,1778197128.283913,24.209933197000282,33.203125,6.209879032358934,12.0,1.0,1.0,0.0,0.0,1.0,0.0
1778197128.539,5804.295,1778197128.5345826,24.209933197000282,33.203125,6.209879032358934,12.0,1.0,1.0,0.0,0.0,1.0,0.0
1778197128.790,5804.547,1778197128.7853088,24.209933197000282,33.203125,6.209879032358934,12.0,1.0,1.0,0.0,0.0,1.0,0.0
1778197129.041,5804.797,1778197129.0360134,24.209933197000282,33.203125,6.209879032358934,12.0,1.0,1.0,0.0,0.0,1.0,0.0
1778197129.292,5805.048,1778197129.2866764,26.228798033999738,62.59765625,6.209728942229809,12.0,1.0,1.0,0.0,0.0,1.0,0.0
1778197129.542,5805.299,1778197129.5373487,26.228798033999738,62.59765625,6.209728942229809,12.0,1.0,1.0,0.0,0.0,1.0,0.0
1778197129.793,5805.549,1778197129.7880332,26.228798033999738,62.59765625,6.209728942229809,12.0,1.0,1.0,0.0,0.0,1.0,0.0
1778197130.044,5805.800,1778197130.0387769,26.228798033999738,62.59765625,6.209728942229809,12.0,1.0,1.0,0.0,0.0,1.0,0.0
1778197130.294,5806.051,1778197130.2894466,26.228798033999738,62.59765625,6.209728942229809,12.0,1.0,1.0,0.0,0.0,1.0,0.0
1778197130.545,5806.301,1778197130.5401196,26.228798033999738,62.59765625,6.209728942229809,12.0,1.0,1.0,0.0,0.0,1.0,0.0
1778197130.795,5806.552,1778197130.7907922,26.228798033999738,62.59765625,6.209728942229809,12.0,1.0,1.0,0.0,0.0,1.0,0.0
1778197131.046,5806.803,1778197131.0415297,26.228798033999738,62.59765625,6.209728942229809,12.0,1.0,1.0,0.0,0.0,1.0,0.0
1778197131.297,5807.054,1778197131.2922292,28.248095036999985,62.59765625,6.209728942229809,12.0,1.0,1.0,0.0,0.0,1.0,0.0
1778197131.548,5807.304,1778197131.543161,28.248095036999985,62.59765625,6.209728942229809,12.0,1.0,1.0,0.0,0.0,1.0,0.0
1778197131.799,5807.555,1778197131.7941225,28.248095036999985,62.59765625,6.209728942229809,12.0,1.0,1.0,0.0,0.0,1.0,0.0
1778197132.049,5807.806,1778197132.0451086,28.248095036999985,62.59765625,6.209728942229809,12.0,1.0,1.0,0.0,0.0,1.0,0.0
1778197132.300,5808.057,1778197132.2961998,28.248095036999985,62.59765625,6.209728942229809,12.0,1.0,1.0,0.0,0.0,1.0,0.0
1778197132.551,5808.308,1778197132.5469432,28.248095036999985,62.59765625,6.209728942229809,12.0,1.0,1.0,0.0,0.0,1.0,0.0
1778197132.802,5808.558,1778197132.7976162,28.248095036999985,62.59765625,6.209728942229809,12.0,1.0,1.0,0.0,0.0,1.0,0.0
1778197133.002,5808.759,1778197132.9982593,28.248095036999985,62.59765625,6.209728942229809,12.0,1.0,1.0,0.0,0.0,1.0,0.0
1778197133.253,5809.009,1778197133.2489843,28.248095036999985,62.59765625,6.209728942229809,12.0,1.0,1.0,0.0,0.0,1.0,0.0
1778197133.504,5809.260,1778197133.4996624,30.266644072000418,62.59765625,6.209879032358934,12.0,1.0,1.0,0.0,0.0,1.0,0.0
1778197133.755,5809.511,1778197133.7503095,30.266644072000418,62.59765625,6.209879032358934,12.0,1.0,1.0,0.0,0.0,1.0,0.0
1778197134.005,5809.762,1778197134.0009532,30.266644072000418,62.59765625,6.209879032358934,12.0,1.0,1.0,0.0,0.0,1.0,0.0
1778197134.256,5810.013,1778197134.2516434,30.266644072000418,62.59765625,6.209879032358934,12.0,1.0,1.0,0.0,0.0,1.0,0.0
1778197134.507,5810.263,1778197134.5022368,30.266644072000418,62.59765625,6.209879032358934,12.0,1.0,1.0,0.0,0.0,1.0,0.0
1778197134.757,5810.514,1778197134.7528558,30.266644072000418,62.59765625,6.209879032358934,12.0,1.0,1.0,0.0,0.0,1.0,0.0
1778197135.008,5810.764,1778197135.003482,30.266644072000418,62.59765625,6.209879032358934,12.0,1.0,1.0,0.0,0.0,1.0,0.0
1778197135.259,5811.015,1778197135.2542717,30.266644072000418,62.59765625,6.209879032358934,12.0,1.0,1.0,0.0,0.0,1.0,0.0
1778197135.509,5811.266,1778197135.5049033,32.28603016899979,81.640625,6.209879032358934,12.0,1.0,1.0,0.0,0.0,1.0,0.0
1778197135.760,5811.517,1778197135.7556365,32.28603016899979,81.640625,6.209879032358934,12.0,1.0,1.0,0.0,0.0,1.0,0.0
1778197136.011,5811.768,1778197136.00639,32.28603016899979,81.640625,6.209879032358934,12.0,1.0,1.0,0.0,0.0,1.0,0.0
1778197136.262,5812.018,1778197136.2571285,32.28603016899979,81.640625,6.209879032358934,12.0,1.0,1.0,0.0,0.0,1.0,0.0
1778197136.513,5812.269,1778197136.5078404,32.28603016899979,81.640625,6.209879032358934,12.0,1.0,1.0,0.0,0.0,1.0,0.0
1778197136.763,5812.520,1778197136.7585492,32.28603016899979,81.640625,6.209879032358934,12.0,1.0,1.0,0.0,0.0,1.0,0.0
1778197137.014,5812.770,1778197137.009227,32.28603016899979,81.640625,6.209879032358934,12.0,1.0,1.0,0.0,0.0,1.0,0.0
1778197137.265,5813.021,1778197137.2599297,32.28603016899979,81.640625,6.209879032358934,12.0,1.0,1.0,0.0,0.0,1.0,0.0
1778197137.515,5813.272,1778197137.5111222,34.302844675000415,81.640625,6.209728942229809,12.0,1.0,1.0,0.0,0.0,1.0,0.0
1778197137.766,5813.523,1778197137.7618918,34.302844675000415,81.640625,6.209728942229809,12.0,1.0,1.0,0.0,0.0,1.0,0.0
1778197138.017,5813.773,1778197138.0125327,34.302844675000415,81.640625,6.209728942229809,12.0,1.0,1.0,0.0,0.0,1.0,0.0
1778197138.268,5814.024,1778197138.2632298,34.302844675000415,81.640625,6.209728942229809,12.0,1.0,1.0,0.0,0.0,1.0,0.0
1778197138.518,5814.275,1778197138.5138812,34.302844675000415,81.640625,6.209728942229809,12.0,1.0,1.0,0.0,0.0,1.0,0.0
1778197138.769,5814.525,1778197138.7645586,34.302844675000415,81.640625,6.209728942229809,12.0,1.0,1.0,0.0,0.0,1.0,0.0
1778197139.020,5814.776,1778197139.015225,34.302844675000415,81.640625,6.209728942229809,12.0,1.0,1.0,0.0,0.0,1.0,0.0
1778197139.271,5815.027,1778197139.2660515,34.302844675000415,81.640625,6.209728942229809,12.0,1.0,1.0,0.0,0.0,1.0,0.0
1778197139.521,5815.278,1778197139.5167408,36.32176074099971,91.162109375,6.209528822057642,12.0,1.0,1.0,0.0,0.0,1.0,0.0
1778197139.772,5815.528,1778197139.7674325,36.32176074099971,91.162109375,6.209528822057642,12.0,1.0,1.0,0.0,0.0,1.0,0.0
1778197140.023,5815.779,1778197140.0183415,36.32176074099971,91.162109375,6.209528822057642,12.0,1.0,1.0,0.0,0.0,1.0,0.0
1778197140.273,5816.030,1778197140.2690823,36.32176074099971,91.162109375,6.209528822057642,12.0,1.0,1.0,0.0,0.0,1.0,0.0
1778197140.524,5816.281,1778197140.5197558,36.32176074099971,91.162109375,6.209528822057642,12.0,1.0,1.0,0.0,0.0,1.0,0.0
1778197140.775,5816.531,1778197140.770467,36.32176074099971,91.162109375,6.209528822057642,12.0,1.0,1.0,0.0,0.0,1.0,0.0
1778197141.026,5816.782,1778197141.0211656,36.32176074099971,91.162109375,6.209528822057642,12.0,1.0,1.0,0.0,0.0,1.0,0.0
1778197141.276,5817.033,1778197141.2719367,36.32176074099971,91.162109375,6.209528822057642,12.0,1.0,1.0,0.0,0.0,1.0,0.0
1778197141.527,5817.283,1778197141.5226257,38.340441950999775,91.162109375,6.209378731928528,12.0,1.0,1.0,0.0,0.0,1.0,0.0
1778197141.778,5817.534,1778197141.7733366,38.340441950999775,91.162109375,6.209378731928528,12.0,1.0,1.0,0.0,0.0,1.0,0.0
1778197142.028,5817.785,1778197142.023993,38.340441950999775,91.162109375,6.209378731928528,12.0,1.0,1.0,0.0,0.0,1.0,0.0
1778197142.279,5818.036,1778197142.2748282,38.340441950999775,91.162109375,6.209378731928528,12.0,1.0,1.0,0.0,0.0,1.0,0.0
1778197142.530,5818.286,1778197142.5256164,38.340441950999775,91.162109375,6.209378731928528,12.0,1.0,1.0,0.0,0.0,1.0,0.0
1778197142.781,5818.537,1778197142.7763286,38.340441950999775,91.162109375,6.209378731928528,12.0,1.0,1.0,0.0,0.0,1.0,0.0
1778197143.031,5818.788,1778197143.0270145,38.340441950999775,91.162109375,6.209378731928528,12.0,1.0,1.0,0.0,0.0,1.0,0.0
1778197143.282,5819.038,1778197143.277715,38.340441950999775,91.162109375,6.209378731928528,12.0,1.0,1.0,0.0,0.0,1.0,0.0
1778197143.533,5819.289,1778197143.5283902,40.359893601000294,91.162109375,6.209328701885486,12.0,1.0,1.0,0.0,0.0,1.0,0.0
1778197143.783,5819.540,1778197143.779098,40.359893601000294,91.162109375,6.209328701885486,12.0,1.0,1.0,0.0,0.0,1.0,0.0
1778197144.034,5819.790,1778197144.0299325,40.359893601000294,91.162109375,6.209328701885486,12.0,1.0,1.0,0.0,0.0,1.0,0.0
1778197144.285,5820.041,1778197144.2806847,40.359893601000294,91.162109375,6.209328701885486,12.0,1.0,1.0,0.0,0.0,1.0,0.0
1778197144.535,5820.292,1778197144.5315974,40.359893601000294,91.162109375,6.209328701885486,12.0,1.0,1.0,0.0,0.0,1.0,0.0
1778197144.786,5820.543,1778197144.7824457,40.359893601000294,91.162109375,6.209328701885486,12.0,1.0,1.0,0.0,0.0,1.0,0.0
1778197145.037,5820.793,1778197145.0332918,40.359893601000294,91.162109375,6.209328701885486,12.0,1.0,1.0,0.0,0.0,1.0,0.0
1778197145.288,5821.045,1778197145.2840974,40.359893601000294,91.162109375,6.209328701885486,12.0,1.0,1.0,0.0,0.0,1.0,0.0
1778197145.539,5821.295,1778197145.5348246,42.37988290999965,83.837890625,6.212180414338809,12.0,1.0,1.0,0.0,0.0,1.0,0.0
1778197145.790,5821.547,1778197145.7856295,42.37988290999965,83.837890625,6.212180414338809,12.0,1.0,1.0,0.0,0.0,1.0,0.0
1778197146.041,5821.798,1778197146.036343,42.37988290999965,83.837890625,6.212180414338809,12.0,1.0,1.0,0.0,0.0,1.0,0.0
1778197146.292,5822.048,1778197146.2870207,42.37988290999965,83.837890625,6.212180414338809,12.0,1.0,1.0,0.0,0.0,1.0,0.0
1778197146.542,5822.299,1778197146.5377228,42.37988290999965,83.837890625,6.212180414338809,12.0,1.0,1.0,0.0,0.0,1.0,0.0
1778197146.793,5822.550,1778197146.7884274,42.37988290999965,83.837890625,6.212180414338809,12.0,1.0,1.0,0.0,0.0,1.0,0.0
1778197147.044,5822.800,1778197147.0391722,42.37988290999965,83.837890625,6.212180414338809,12.0,1.0,1.0,0.0,0.0,1.0,0.0
1778197147.294,5823.051,1778197147.2899053,42.37988290999965,83.837890625,6.212180414338809,12.0,1.0,1.0,0.0,0.0,1.0,0.0
1778197147.545,5823.302,1778197147.5405853,44.399271061000036,83.837890625,6.2149820967491,12.0,1.0,1.0,0.0,0.0,1.0,0.0
1778197147.796,5823.552,1778197147.791255,44.399271061000036,83.837890625,6.2149820967491,12.0,1.0,1.0,0.0,0.0,1.0,0.0
1778197148.046,5823.803,1778197148.0419652,44.399271061000036,83.837890625,6.2149820967491,12.0,1.0,1.0,0.0,0.0,1.0,0.0
1778197148.297,5824.054,1778197148.2926176,44.399271061000036,83.837890625,6.2149820967491,12.0,1.0,1.0,0.0,0.0,1.0,0.0
1778197148.548,5824.305,1778197148.5432894,44.399271061000036,83.837890625,6.2149820967491,12.0,1.0,1.0,0.0,0.0,1.0,0.0
1778197148.799,5824.555,1778197148.7943928,44.399271061000036,83.837890625,6.2149820967491,12.0,1.0,1.0,0.0,0.0,1.0,0.0
1778197149.049,5824.806,1778197149.0452194,44.399271061000036,83.837890625,6.2149820967491,12.0,1.0,1.0,0.0,0.0,1.0,0.0
1778197149.300,5825.057,1778197149.29643,44.399271061000036,83.837890625,6.2149820967491,12.0,1.0,1.0,0.0,0.0,1.0,0.0
1778197149.551,5825.307,1778197149.547802,46.41899044799993,93.1640625,6.218133989460672,12.0,1.0,1.0,0.0,0.0,1.0,0.0
1778197149.802,5825.558,1778197149.7988775,46.41899044799993,93.1640625,6.218133989460672,12.0,1.0,1.0,0.0,0.0,1.0,0.0
1778197150.002,5825.759,1778197149.9995558,46.41899044799993,93.1640625,6.218133989460672,12.0,1.0,1.0,0.0,0.0,1.0,0.0
1778197150.253,5826.010,1778197150.2503014,46.41899044799993,93.1640625,6.218133989460672,12.0,1.0,1.0,0.0,0.0,1.0,0.0
1778197150.504,5826.260,1778197150.5010557,46.41899044799993,93.1640625,6.218133989460672,12.0,1.0,1.0,0.0,0.0,1.0,0.0
1778197150.755,5826.511,1778197150.7517836,46.41899044799993,93.1640625,6.218133989460672,12.0,1.0,1.0,0.0,0.0,1.0,0.0
1778197151.005,5826.762,1778197151.0024154,46.41899044799993,93.1640625,6.218133989460672,12.0,1.0,1.0,0.0,0.0,1.0,0.0
1778197151.256,5827.013,1778197151.253065,46.41899044799993,93.1640625,6.218133989460672,12.0,1.0,1.0,0.0,0.0,1.0,0.0
1778197151.507,5827.263,1778197151.5036402,48.43652451700018,93.1640625,6.2179338692885056,12.0,1.0,1.0,0.0,0.0,1.0,0.0
1778197151.757,5827.514,1778197151.7542732,48.43652451700018,93.1640625,6.2179338692885056,12.0,1.0,1.0,0.0,0.0,1.0,0.0
1778197152.008,5827.765,1778197152.004884,48.43652451700018,93.1640625,6.2179338692885056,12.0,1.0,1.0,0.0,0.0,1.0,0.0
1778197152.259,5828.015,1778197152.2555735,48.43652451700018,93.1640625,6.2179338692885056,12.0,1.0,1.0,0.0,0.0,1.0,0.0
1778197152.509,5828.266,1778197152.5062923,48.43652451700018,93.1640625,6.2179338692885056,12.0,1.0,1.0,0.0,0.0,1.0,0.0
1778197152.760,5828.517,1778197152.7570453,48.43652451700018,93.1640625,6.2179338692885056,12.0,1.0,1.0,0.0,0.0,1.0,0.0
1778197153.011,5828.768,1778197153.0077102,48.43652451700018,93.1640625,6.2179338692885056,12.0,1.0,1.0,0.0,0.0,1.0,0.0
1778197153.262,5829.019,1778197153.2584007,48.43652451700018,93.1640625,6.2179338692885056,12.0,1.0,1.0,0.0,0.0,1.0,0.0
1778197153.513,5829.270,1778197153.509086,50.45538025000042,93.1640625,6.217883839245464,12.0,1.0,1.0,0.0,0.0,1.0,0.0
1778197153.764,5829.521,1778197153.7597797,50.45538025000042,93.1640625,6.217883839245464,12.0,1.0,1.0,0.0,0.0,1.0,0.0
1778197154.015,5829.771,1778197154.0104911,50.45538025000042,93.1640625,6.217883839245464,12.0,1.0,1.0,0.0,0.0,1.0,0.0
1778197154.265,5830.022,1778197154.2611606,50.45538025000042,93.1640625,6.217883839245464,12.0,1.0,1.0,0.0,0.0,1.0,0.0
1778197154.516,5830.273,1778197154.5118067,50.45538025000042,93.1640625,6.217883839245464,12.0,1.0,1.0,0.0,0.0,1.0,0.0
1778197154.767,5830.523,1778197154.762493,50.45538025000042,93.1640625,6.217883839245464,12.0,1.0,1.0,0.0,0.0,1.0,0.0
1778197155.018,5830.774,1778197155.0135765,50.45538025000042,93.1640625,6.217883839245464,12.0,1.0,1.0,0.0,0.0,1.0,0.0
1778197155.268,5831.025,1778197155.2642484,50.45538025000042,93.1640625,6.217883839245464,12.0,1.0,1.0,0.0,0.0,1.0,0.0
1778197155.519,5831.275,1778197155.5149047,52.475131895999766,85.693359375,6.217883839245464,12.0,1.0,1.0,0.0,0.0,1.0,0.0
1778197155.770,5831.526,1778197155.7656004,52.475131895999766,85.693359375,6.217883839245464,12.0,1.0,1.0,0.0,0.0,1.0,0.0
1778197156.020,5831.777,1778197156.0162663,52.475131895999766,85.693359375,6.217883839245464,12.0,1.0,1.0,0.0,0.0,1.0,0.0
1778197156.271,5832.028,1778197156.266981,52.475131895999766,85.693359375,6.217883839245464,12.0,1.0,1.0,0.0,0.0,1.0,0.0
1778197156.522,5832.278,1778197156.5176783,52.475131895999766,85.693359375,6.217883839245464,12.0,1.0,1.0,0.0,0.0,1.0,0.0
1778197156.773,5832.529,1778197156.7683656,52.475131895999766,85.693359375,6.217883839245464,12.0,1.0,1.0,0.0,0.0,1.0,0.0
1778197157.023,5832.780,1778197157.0191736,52.475131895999766,85.693359375,6.217883839245464,12.0,1.0,1.0,0.0,0.0,1.0,0.0
1778197157.274,5833.031,1778197157.2700198,52.475131895999766,85.693359375,6.217883839245464,12.0,1.0,1.0,0.0,0.0,1.0,0.0
1778197157.525,5833.281,1778197157.5207129,54.4944465640001,85.693359375,6.2176837190733085,12.0,1.0,1.0,0.0,0.0,1.0,0.0
1778197157.775,5833.532,1778197157.7714064,54.4944465640001,85.693359375,6.2176837190733085,12.0,1.0,1.0,0.0,0.0,1.0,0.0
1778197158.026,5833.783,1778197158.0221443,54.4944465640001,85.693359375,6.2176837190733085,12.0,1.0,1.0,0.0,0.0,1.0,0.0
1778197158.277,5834.033,1778197158.272864,54.4944465640001,85.693359375,6.2176837190733085,12.0,1.0,1.0,0.0,0.0,1.0,0.0
1778197158.528,5834.284,1778197158.5235314,54.4944465640001,85.693359375,6.2176837190733085,12.0,1.0,1.0,0.0,0.0,1.0,0.0
1778197158.778,5834.535,1778197158.7742028,54.4944465640001,85.693359375,6.2176837190733085,12.0,1.0,1.0,0.0,0.0,1.0,0.0
1778197159.029,5834.785,1778197159.0248466,54.4944465640001,85.693359375,6.2176837190733085,12.0,1.0,1.0,0.0,0.0,1.0,0.0
1778197159.280,5835.036,1778197159.2755506,54.4944465640001,85.693359375,6.2176837190733085,12.0,1.0,1.0,0.0,0.0,1.0,0.0
1778197159.530,5835.287,1778197159.5262425,56.51394819899997,86.865234375,6.2176837190733085,12.0,1.0,1.0,0.0,0.0,1.0,0.0
1778197159.781,5835.537,1778197159.7771728,56.51394819899997,86.865234375,6.2176837190733085,12.0,1.0,1.0,0.0,0.0,1.0,0.0
1778197160.032,5835.788,1778197160.027883,56.51394819899997,86.865234375,6.2176837190733085,12.0,1.0,1.0,0.0,0.0,1.0,0.0
1778197160.282,5836.039,1778197160.278551,56.51394819899997,86.865234375,6.2176837190733085,12.0,1.0,1.0,0.0,0.0,1.0,0.0
1778197160.533,5836.290,1778197160.5291898,56.51394819899997,86.865234375,6.2176837190733085,12.0,1.0,1.0,0.0,0.0,1.0,0.0
1778197160.784,5836.541,1778197160.7798939,56.51394819899997,86.865234375,6.2176837190733085,12.0,1.0,1.0,0.0,0.0,1.0,0.0
1778197161.035,5836.791,1778197161.0305295,56.51394819899997,86.865234375,6.2176837190733085,12.0,1.0,1.0,0.0,0.0,1.0,0.0
1778197161.286,5837.042,1778197161.2814147,56.51394819899997,86.865234375,6.2176837190733085,12.0,1.0,1.0,0.0,0.0,1.0,0.0
1778197161.536,5837.293,1778197161.5324264,56.51394819899997,86.865234375,6.2176837190733085,12.0,1.0,1.0,0.0,0.0,1.0,0.0
1778197161.787,5837.543,1778197161.7831519,58.53381964500022,86.865234375,6.217633689030267,12.0,1.0,1.0,0.0,0.0,1.0,0.0
1778197162.038,5837.794,1778197162.0341697,58.53381964500022,86.865234375,6.217633689030267,12.0,1.0,1.0,0.0,0.0,1.0,0.0
1778197162.288,5838.045,1778197162.2849207,58.53381964500022,86.865234375,6.217633689030267,12.0,1.0,1.0,0.0,0.0,1.0,0.0
1778197162.539,5838.296,1778197162.535791,58.53381964500022,86.865234375,6.217633689030267,12.0,1.0,1.0,0.0,0.0,1.0,0.0
1778197162.790,5838.547,1778197162.7865894,58.53381964500022,86.865234375,6.217633689030267,12.0,1.0,1.0,0.0,0.0,1.0,0.0
1778197163.041,5838.798,1778197163.0372314,58.53381964500022,86.865234375,6.217633689030267,12.0,1.0,1.0,0.0,0.0,1.0,0.0
1778197163.292,5839.049,1778197163.2879589,58.53381964500022,86.865234375,6.217633689030267,12.0,1.0,1.0,0.0,0.0,1.0,0.0
1778197163.543,5839.299,1778197163.5386536,58.53381964500022,86.865234375,6.217633689030267,12.0,1.0,1.0,0.0,0.0,1.0,0.0
1778197163.794,5839.550,1778197163.7894542,60.55256631100019,86.865234375,6.2176837190733085,12.0,1.0,1.0,0.0,0.0,1.0,0.0
1778197164.044,5839.801,1778197164.0401208,60.55256631100019,86.865234375,6.2176837190733085,12.0,1.0,1.0,0.0,0.0,1.0,0.0
1778197164.295,5840.052,1778197164.2907712,60.55256631100019,86.865234375,6.2176837190733085,12.0,1.0,1.0,0.0,0.0,1.0,0.0
1778197164.546,5840.302,1778197164.5417147,60.55256631100019,86.865234375,6.2176837190733085,12.0,1.0,1.0,0.0,0.0,1.0,0.0
1778197164.796,5840.553,1778197164.792629,60.55256631100019,86.865234375,6.2176837190733085,12.0,1.0,1.0,0.0,0.0,1.0,0.0
1778197165.047,5840.804,1778197165.0434494,60.55256631100019,86.865234375,6.2176837190733085,12.0,1.0,1.0,0.0,0.0,1.0,0.0
1778197165.298,5841.054,1778197165.294152,60.55256631100019,86.865234375,6.2176837190733085,12.0,1.0,1.0,0.0,0.0,1.0,0.0
1778197165.548,5841.305,1778197165.5447667,60.55256631100019,86.865234375,6.2176837190733085,12.0,1.0,1.0,0.0,0.0,1.0,0.0
1778197165.799,5841.555,1778197165.795413,62.57233885000005,87.939453125,6.217483598901142,12.0,1.0,1.0,0.0,0.0,1.0,0.0
1778197166.050,5841.806,1778197166.0460832,62.57233885000005,87.939453125,6.217483598901142,12.0,1.0,1.0,0.0,0.0,1.0,0.0
1778197166.301,5842.057,1778197166.2967975,62.57233885000005,87.939453125,6.217483598901142,12.0,1.0,1.0,0.0,0.0,1.0,0.0
1778197166.551,5842.308,1778197166.547664,62.57233885000005,87.939453125,6.217483598901142,12.0,1.0,1.0,0.0,0.0,1.0,0.0
1778197166.802,5842.559,1778197166.7984855,62.57233885000005,87.939453125,6.217483598901142,12.0,1.0,1.0,0.0,0.0,1.0,0.0
1778197167.003,5842.759,1778197166.9989953,62.57233885000005,87.939453125,6.217483598901142,12.0,1.0,1.0,0.0,0.0,1.0,0.0
1778197167.253,5843.010,1778197167.2497206,62.57233885000005,87.939453125,6.217483598901142,12.0,1.0,1.0,0.0,0.0,1.0,0.0
1778197167.504,5843.261,1778197167.5004628,62.57233885000005,87.939453125,6.217483598901142,12.0,1.0,1.0,0.0,0.0,1.0,0.0
1778197167.755,5843.511,1778197167.7511673,64.5904317479999,87.939453125,6.217483598901142,12.0,1.0,1.0,0.0,0.0,1.0,0.0
1778197168.005,5843.762,1778197168.0018919,64.5904317479999,87.939453125,6.217483598901142,12.0,1.0,1.0,0.0,0.0,1.0,0.0
1778197168.257,5844.013,1778197168.252645,64.5904317479999,87.939453125,6.217483598901142,12.0,1.0,1.0,0.0,0.0,1.0,0.0
1778197168.507,5844.264,1778197168.5032496,64.5904317479999,87.939453125,6.217483598901142,12.0,1.0,1.0,0.0,0.0,1.0,0.0
1778197168.758,5844.515,1778197168.7539704,64.5904317479999,87.939453125,6.217483598901142,12.0,1.0,1.0,0.0,0.0,1.0,0.0
1778197169.009,5844.765,1778197169.00464,64.5904317479999,87.939453125,6.217483598901142,12.0,1.0,1.0,0.0,0.0,1.0,0.0
1778197169.260,5845.016,1778197169.2552779,64.5904317479999,87.939453125,6.217483598901142,12.0,1.0,1.0,0.0,0.0,1.0,0.0
1778197169.510,5845.267,1778197169.5059652,64.5904317479999,87.939453125,6.217483598901142,12.0,1.0,1.0,0.0,0.0,1.0,0.0
1778197169.761,5845.518,1778197169.7569618,66.60767628800022,88.916015625,6.217483598901142,12.0,1.0,1.0,0.0,0.0,1.0,0.0
1778197170.012,5845.768,1778197170.0077083,66.60767628800022,88.916015625,6.217483598901142,12.0,1.0,1.0,0.0,0.0,1.0,0.0
1778197170.262,5846.019,1778197170.2583883,66.60767628800022,88.916015625,6.217483598901142,12.0,1.0,1.0,0.0,0.0,1.0,0.0
1778197170.513,5846.270,1778197170.5090475,66.60767628800022,88.916015625,6.217483598901142,12.0,1.0,1.0,0.0,0.0,1.0,0.0
1778197170.764,5846.521,1778197170.759754,66.60767628800022,88.916015625,6.217483598901142,12.0,1.0,1.0,0.0,0.0,1.0,0.0
1778197171.015,5846.771,1778197171.010443,66.60767628800022,88.916015625,6.217483598901142,12.0,1.0,1.0,0.0,0.0,1.0,0.0
1778197171.266,5847.022,1778197171.2611585,66.60767628800022,88.916015625,6.217483598901142,12.0,1.0,1.0,0.0,0.0,1.0,0.0
1778197171.516,5847.273,1778197171.5118356,66.60767628800022,88.916015625,6.217483598901142,12.0,1.0,1.0,0.0,0.0,1.0,0.0
1778197171.767,5847.523,1778197171.762528,68.6265921739996,88.916015625,6.217483598901142,12.0,1.0,1.0,0.0,0.0,1.0,0.0
1778197172.018,5847.774,1778197172.0132194,68.6265921739996,88.916015625,6.217483598901142,12.0,1.0,1.0,0.0,0.0,1.0,0.0
1778197172.268,5848.025,1778197172.2640116,68.6265921739996,88.916015625,6.217483598901142,12.0,1.0,1.0,0.0,0.0,1.0,0.0
1778197172.519,5848.275,1778197172.5146925,68.6265921739996,88.916015625,6.217483598901142,12.0,1.0,1.0,0.0,0.0,1.0,0.0
1778197172.770,5848.526,1778197172.7653425,68.6265921739996,88.916015625,6.217483598901142,12.0,1.0,1.0,0.0,0.0,1.0,0.0
1778197173.021,5848.777,1778197173.0160756,68.6265921739996,88.916015625,6.217483598901142,12.0,1.0,1.0,0.0,0.0,1.0,0.0
1778197173.271,5849.028,1778197173.2667809,68.6265921739996,88.916015625,6.217483598901142,12.0,1.0,1.0,0.0,0.0,1.0,0.0
1778197173.522,5849.279,1778197173.517654,68.6265921739996,88.916015625,6.217483598901142,12.0,1.0,1.0,0.0,0.0,1.0,0.0
1778197173.773,5849.530,1778197173.7683768,70.64559862199985,88.916015625,6.217183418642891,12.0,1.0,1.0,0.0,0.0,1.0,0.0
1778197174.024,5849.780,1778197174.0190902,70.64559862199985,88.916015625,6.217183418642891,12.0,1.0,1.0,0.0,0.0,1.0,0.0
1778197174.275,5850.031,1778197174.26983,70.64559862199985,88.916015625,6.217183418642891,12.0,1.0,1.0,0.0,0.0,1.0,0.0
1778197174.525,5850.282,1778197174.5206556,70.64559862199985,88.916015625,6.217183418642891,12.0,1.0,1.0,0.0,0.0,1.0,0.0
1778197174.776,5850.532,1778197174.771636,70.64559862199985,88.916015625,6.217183418642891,12.0,1.0,1.0,0.0,0.0,1.0,0.0
1778197175.027,5850.783,1778197175.0223134,70.64559862199985,88.916015625,6.217183418642891,12.0,1.0,1.0,0.0,0.0,1.0,0.0
1778197175.277,5851.034,1778197175.2729802,70.64559862199985,88.916015625,6.217183418642891,12.0,1.0,1.0,0.0,0.0,1.0,0.0
1778197175.528,5851.285,1778197175.5236616,70.64559862199985,88.916015625,6.217183418642891,12.0,1.0,1.0,0.0,0.0,1.0,0.0
1778197175.779,5851.535,1778197175.7743208,72.66520756499995,81.787109375,6.21683320834161,12.0,1.0,1.0,0.0,0.0,1.0,0.0
1778197176.030,5851.786,1778197176.024995,72.66520756499995,81.787109375,6.21683320834161,12.0,1.0,1.0,0.0,0.0,1.0,0.0
1778197176.280,5852.037,1778197176.275668,72.66520756499995,81.787109375,6.21683320834161,12.0,1.0,1.0,0.0,0.0,1.0,0.0
1778197176.531,5852.287,1778197176.5263479,72.66520756499995,81.787109375,6.21683320834161,12.0,1.0,1.0,0.0,0.0,1.0,0.0
1778197176.782,5852.538,1778197176.7770534,72.66520756499995,81.787109375,6.21683320834161,12.0,1.0,1.0,0.0,0.0,1.0,0.0
1778197177.032,5852.789,1778197177.028013,72.66520756499995,81.787109375,6.21683320834161,12.0,1.0,1.0,0.0,0.0,1.0,0.0
1778197177.283,5853.040,1778197177.2787623,72.66520756499995,81.787109375,6.21683320834161,12.0,1.0,1.0,0.0,0.0,1.0,0.0
1778197177.534,5853.290,1778197177.5294156,72.66520756499995,81.787109375,6.21683320834161,12.0,1.0,1.0,0.0,0.0,1.0,0.0
1778197177.785,5853.541,1778197177.7804425,74.6847538789998,81.787109375,6.21683320834161,12.0,1.0,1.0,0.0,0.0,1.0,0.0
1778197178.036,5853.792,1778197178.031115,74.6847538789998,81.787109375,6.21683320834161,12.0,1.0,1.0,0.0,0.0,1.0,0.0
1778197178.286,5854.043,1778197178.2818086,74.6847538789998,81.787109375,6.21683320834161,12.0,1.0,1.0,0.0,0.0,1.0,0.0
1778197178.537,5854.293,1778197178.532495,74.6847538789998,81.787109375,6.21683320834161,12.0,1.0,1.0,0.0,0.0,1.0,0.0
1778197178.788,5854.544,1778197178.7834535,74.6847538789998,81.787109375,6.21683320834161,12.0,1.0,1.0,0.0,0.0,1.0,0.0
1778197179.038,5854.795,1778197179.034428,74.6847538789998,81.787109375,6.21683320834161,12.0,1.0,1.0,0.0,0.0,1.0,0.0
1778197179.289,5855.046,1778197179.2852855,74.6847538789998,81.787109375,6.21683320834161,12.0,1.0,1.0,0.0,0.0,1.0,0.0
1778197179.540,5855.296,1778197179.5362537,74.6847538789998,81.787109375,6.21683320834161,12.0,1.0,1.0,0.0,0.0,1.0,0.0
1778197179.791,5855.547,1778197179.7870767,76.70297112099979,75.1953125,6.216583058126401,12.0,1.0,1.0,0.0,0.0,1.0,0.0
1778197180.041,5855.798,1778197180.0379825,76.70297112099979,75.1953125,6.216583058126401,12.0,1.0,1.0,0.0,0.0,1.0,0.0
1778197180.293,5856.049,1778197180.2887313,76.70297112099979,75.1953125,6.216583058126401,12.0,1.0,1.0,0.0,0.0,1.0,0.0
1778197180.544,5856.300,1778197180.5394702,76.70297112099979,75.1953125,6.216583058126401,12.0,1.0,1.0,0.0,0.0,1.0,0.0
1778197180.795,5856.551,1778197180.7904036,76.70297112099979,75.1953125,6.216583058126401,12.0,1.0,1.0,0.0,0.0,1.0,0.0
1778197181.046,5856.802,1778197181.0411265,76.70297112099979,75.1953125,6.216583058126401,12.0,1.0,1.0,0.0,0.0,1.0,0.0
1778197181.297,5857.053,1778197181.2918952,76.70297112099979,75.1953125,6.216583058126401,12.0,1.0,1.0,0.0,0.0,1.0,0.0
1778197181.547,5857.304,1778197181.5425427,76.70297112099979,75.1953125,6.216583058126401,12.0,1.0,1.0,0.0,0.0,1.0,0.0
1778197181.798,5857.554,1778197181.7931945,78.72253810100028,75.1953125,6.216583058126401,12.0,1.0,1.0,0.0,0.0,1.0,0.0
1778197182.049,5857.805,1778197182.0442114,78.72253810100028,75.1953125,6.216583058126401,12.0,1.0,1.0,0.0,0.0,1.0,0.0
1778197182.299,5858.056,1778197182.2948544,78.72253810100028,75.1953125,6.216583058126401,12.0,1.0,1.0,0.0,0.0,1.0,0.0
1778197182.550,5858.306,1778197182.5455215,78.72253810100028,75.1953125,6.216583058126401,12.0,1.0,1.0,0.0,0.0,1.0,0.0
1778197182.801,5858.557,1778197182.7962072,78.72253810100028,75.1953125,6.216583058126401,12.0,1.0,1.0,0.0,0.0,1.0,0.0
1778197183.051,5858.808,1778197183.0469146,78.72253810100028,75.1953125,6.216583058126401,12.0,1.0,1.0,0.0,0.0,1.0,0.0
1778197183.302,5859.059,1778197183.2977197,78.72253810100028,75.1953125,6.216583058126401,12.0,1.0,1.0,0.0,0.0,1.0,0.0
1778197183.503,5859.259,1778197183.498304,78.72253810100028,75.1953125,6.216583058126401,12.0,1.0,1.0,0.0,0.0,1.0,0.0
1778197183.753,5859.510,1778197183.7491674,78.72253810100028,75.1953125,6.216583058126401,12.0,1.0,1.0,0.0,0.0,1.0,0.0
1778197184.004,5859.760,1778197184.000095,80.74244192900005,75.1953125,6.216583058126401,12.0,1.0,1.0,0.0,0.0,1.0,0.0
1778197184.254,5860.011,1778197184.250812,80.74244192900005,75.1953125,6.216583058126401,12.0,1.0,1.0,0.0,0.0,1.0,0.0
1778197184.505,5860.262,1778197184.5018725,80.74244192900005,75.1953125,6.216583058126401,12.0,1.0,1.0,0.0,0.0,1.0,0.0
1778197184.756,5860.512,1778197184.752874,80.74244192900005,75.1953125,6.216583058126401,12.0,1.0,1.0,0.0,0.0,1.0,0.0
1778197185.007,5860.763,1778197185.0035615,80.74244192900005,75.1953125,6.216583058126401,12.0,1.0,1.0,0.0,0.0,1.0,0.0
1778197185.257,5861.014,1778197185.2543113,80.74244192900005,75.1953125,6.216583058126401,12.0,1.0,1.0,0.0,0.0,1.0,0.0
1778197185.508,5861.265,1778197185.5049284,80.74244192900005,75.1953125,6.216583058126401,12.0,1.0,1.0,0.0,0.0,1.0,0.0
1778197185.759,5861.516,1778197185.7556121,80.74244192900005,75.1953125,6.216583058126401,12.0,1.0,1.0,0.0,0.0,1.0,0.0
1778197186.010,5861.766,1778197186.0062509,82.76268567700026,77.197265625,6.216382937954245,12.0,1.0,1.0,0.0,0.0,1.0,0.0
1778197186.260,5862.017,1778197186.2568944,82.76268567700026,77.197265625,6.216382937954245,12.0,1.0,1.0,0.0,0.0,1.0,0.0
1778197186.511,5862.268,1778197186.507529,82.76268567700026,77.197265625,6.216382937954245,12.0,1.0,1.0,0.0,0.0,1.0,0.0
1778197186.762,5862.518,1778197186.7581975,82.76268567700026,77.197265625,6.216382937954245,12.0,1.0,1.0,0.0,0.0,1.0,0.0
1778197187.013,5862.769,1778197187.0088952,82.76268567700026,77.197265625,6.216382937954245,12.0,1.0,1.0,0.0,0.0,1.0,0.0
1778197187.263,5863.020,1778197187.2596216,82.76268567700026,77.197265625,6.216382937954245,12.0,1.0,1.0,0.0,0.0,1.0,0.0
1778197187.514,5863.271,1778197187.5102773,82.76268567700026,77.197265625,6.216382937954245,12.0,1.0,1.0,0.0,0.0,1.0,0.0
1778197187.765,5863.521,1778197187.761011,82.76268567700026,77.197265625,6.216382937954245,12.0,1.0,1.0,0.0,0.0,1.0,0.0
1778197188.016,5863.772,1778197188.0116968,84.7815446679997,77.197265625,6.216382937954245,12.0,1.0,1.0,0.0,0.0,1.0,0.0
1778197188.267,5864.023,1778197188.2624192,84.7815446679997,77.197265625,6.216382937954245,12.0,1.0,1.0,0.0,0.0,1.0,0.0
1778197188.517,5864.274,1778197188.5131006,84.7815446679997,77.197265625,6.216382937954245,12.0,1.0,1.0,0.0,0.0,1.0,0.0
1778197188.768,5864.524,1778197188.7638192,84.7815446679997,77.197265625,6.216382937954245,12.0,1.0,1.0,0.0,0.0,1.0,0.0
1778197189.019,5864.775,1778197189.0144756,84.7815446679997,77.197265625,6.216382937954245,12.0,1.0,1.0,0.0,0.0,1.0,0.0
1778197189.269,5865.026,1778197189.265213,84.7815446679997,77.197265625,6.216382937954245,12.0,1.0,1.0,0.0,0.0,1.0,0.0
1778197189.520,5865.276,1778197189.5161235,84.7815446679997,77.197265625,6.216382937954245,12.0,1.0,1.0,0.0,0.0,1.0,0.0
1778197189.771,5865.527,1778197189.7669716,84.7815446679997,77.197265625,6.216382937954245,12.0,1.0,1.0,0.0,0.0,1.0,0.0
1778197190.021,5865.778,1778197190.017571,86.80131610700028,79.052734375,6.21623284782512,12.0,1.0,1.0,0.0,0.0,1.0,0.0
1778197190.272,5866.029,1778197190.2682934,86.80131610700028,79.052734375,6.21623284782512,12.0,1.0,1.0,0.0,0.0,1.0,0.0
1778197190.523,5866.279,1778197190.5189857,86.80131610700028,79.052734375,6.21623284782512,12.0,1.0,1.0,0.0,0.0,1.0,0.0
1778197190.774,5866.530,1778197190.7697368,86.80131610700028,79.052734375,6.21623284782512,12.0,1.0,1.0,0.0,0.0,1.0,0.0
1778197191.025,5866.781,1778197191.0204089,86.80131610700028,79.052734375,6.21623284782512,12.0,1.0,1.0,0.0,0.0,1.0,0.0
1778197191.275,5867.032,1778197191.2711086,86.80131610700028,79.052734375,6.21623284782512,12.0,1.0,1.0,0.0,0.0,1.0,0.0
1778197191.526,5867.282,1778197191.521803,86.80131610700028,79.052734375,6.21623284782512,12.0,1.0,1.0,0.0,0.0,1.0,0.0
1778197191.776,5867.533,1778197191.7724829,86.80131610700028,79.052734375,6.21623284782512,12.0,1.0,1.0,0.0,0.0,1.0,0.0
1778197192.027,5867.784,1778197192.0235825,88.82002220899994,79.052734375,6.216132787739037,12.0,1.0,1.0,0.0,0.0,1.0,0.0
1778197192.278,5868.034,1778197192.274314,88.82002220899994,79.052734375,6.216132787739037,12.0,1.0,1.0,0.0,0.0,1.0,0.0
1778197192.529,5868.285,1778197192.5249987,88.82002220899994,79.052734375,6.216132787739037,12.0,1.0,1.0,0.0,0.0,1.0,0.0
1778197192.779,5868.536,1778197192.7756987,88.82002220899994,79.052734375,6.216132787739037,12.0,1.0,1.0,0.0,0.0,1.0,0.0
1778197193.030,5868.786,1778197193.0263715,88.82002220899994,79.052734375,6.216132787739037,12.0,1.0,1.0,0.0,0.0,1.0,0.0
1778197193.281,5869.037,1778197193.2771323,88.82002220899994,79.052734375,6.216132787739037,12.0,1.0,1.0,0.0,0.0,1.0,0.0
1778197193.531,5869.288,1778197193.5277712,88.82002220899994,79.052734375,6.216132787739037,12.0,1.0,1.0,0.0,0.0,1.0,0.0
1778197193.782,5869.538,1778197193.7784104,88.82002220899994,79.052734375,6.216132787739037,12.0,1.0,1.0,0.0,0.0,1.0,0.0
1778197194.033,5869.789,1778197194.029051,90.8381336350003,79.052734375,6.216082757695995,12.0,1.0,1.0,0.0,0.0,1.0,0.0
1778197194.283,5870.040,1778197194.279736,90.8381336350003,79.052734375,6.216082757695995,12.0,1.0,1.0,0.0,0.0,1.0,0.0
1778197194.534,5870.291,1778197194.5305743,90.8381336350003,79.052734375,6.216082757695995,12.0,1.0,1.0,0.0,0.0,1.0,0.0
1778197194.785,5870.541,1778197194.7812552,90.8381336350003,79.052734375,6.216082757695995,12.0,1.0,1.0,0.0,0.0,1.0,0.0
1778197195.035,5870.792,1778197195.031891,90.8381336350003,79.052734375,6.216082757695995,12.0,1.0,1.0,0.0,0.0,1.0,0.0
1778197195.286,5871.043,1778197195.2825642,90.8381336350003,79.052734375,6.216082757695995,12.0,1.0,1.0,0.0,0.0,1.0,0.0
1778197195.537,5871.293,1778197195.5332172,90.8381336350003,79.052734375,6.216082757695995,12.0,1.0,1.0,0.0,0.0,1.0,0.0
1778197195.788,5871.544,1778197195.7841382,90.8381336350003,79.052734375,6.216082757695995,12.0,1.0,1.0,0.0,0.0,1.0,0.0
1778197196.038,5871.795,1778197196.034786,92.85782383300011,80.76171875,6.215782577437756,12.0,1.0,1.0,0.0,0.0,1.0,0.0
1778197196.289,5872.045,1778197196.285878,92.85782383300011,80.76171875,6.215782577437756,12.0,1.0,1.0,0.0,0.0,1.0,0.0
1778197196.540,5872.296,1778197196.5369153,92.85782383300011,80.76171875,6.215782577437756,12.0,1.0,1.0,0.0,0.0,1.0,0.0
1778197196.791,5872.547,1778197196.7877173,92.85782383300011,80.76171875,6.215782577437756,12.0,1.0,1.0,0.0,0.0,1.0,0.0
1778197197.041,5872.798,1778197197.0387805,92.85782383300011,80.76171875,6.215782577437756,12.0,1.0,1.0,0.0,0.0,1.0,0.0
1778197197.292,5873.049,1778197197.289633,92.85782383300011,80.76171875,6.215782577437756,12.0,1.0,1.0,0.0,0.0,1.0,0.0
1778197197.543,5873.300,1778197197.5402818,92.85782383300011,80.76171875,6.215782577437756,12.0,1.0,1.0,0.0,0.0,1.0,0.0
1778197197.794,5873.551,1778197197.7910366,92.85782383300011,80.76171875,6.215782577437756,12.0,1.0,1.0,0.0,0.0,1.0,0.0
1778197198.045,5873.801,1778197198.0417283,94.87740690400005,80.76171875,6.2157325473947145,12.0,1.0,1.0,0.0,0.0,1.0,0.0
1778197198.296,5874.052,1778197198.2924373,94.87740690400005,80.76171875,6.2157325473947145,12.0,1.0,1.0,0.0,0.0,1.0,0.0
1778197198.546,5874.303,1778197198.5431511,94.87740690400005,80.76171875,6.2157325473947145,12.0,1.0,1.0,0.0,0.0,1.0,0.0
1778197198.797,5874.553,1778197198.7937899,94.87740690400005,80.76171875,6.2157325473947145,12.0,1.0,1.0,0.0,0.0,1.0,0.0
1778197199.047,5874.804,1778197199.0444336,94.87740690400005,80.76171875,6.2157325473947145,12.0,1.0,1.0,0.0,0.0,1.0,0.0
1778197199.298,5875.055,1778197199.2950828,94.87740690400005,80.76171875,6.2157325473947145,12.0,1.0,1.0,0.0,0.0,1.0,0.0
1778197199.549,5875.305,1778197199.5459177,94.87740690400005,80.76171875,6.2157325473947145,12.0,1.0,1.0,0.0,0.0,1.0,0.0
1778197199.799,5875.556,1778197199.7965605,94.87740690400005,80.76171875,6.2157325473947145,12.0,1.0,1.0,0.0,0.0,1.0,0.0
1778197200.050,5875.807,1778197200.047226,96.89634687299986,74.267578125,6.215682517351673,12.0,1.0,1.0,0.0,0.0,1.0,0.0
1778197200.301,5876.058,1778197200.2980294,96.89634687299986,74.267578125,6.215682517351673,12.0,1.0,1.0,0.0,0.0,1.0,0.0
1778197200.552,5876.308,1778197200.5487006,96.89634687299986,74.267578125,6.215682517351673,12.0,1.0,1.0,0.0,0.0,1.0,0.0
1778197200.752,5876.509,1778197200.7492511,96.89634687299986,74.267578125,6.215682517351673,12.0,1.0,1.0,0.0,0.0,1.0,0.0
1778197201.003,5876.759,1778197201.0002844,96.89634687299986,74.267578125,6.215682517351673,12.0,1.0,1.0,0.0,0.0,1.0,0.0
1778197201.254,5877.010,1778197201.2511344,96.89634687299986,74.267578125,6.215682517351673,12.0,1.0,1.0,0.0,0.0,1.0,0.0
1778197201.504,5877.261,1778197201.5018618,96.89634687299986,74.267578125,6.215682517351673,12.0,1.0,1.0,0.0,0.0,1.0,0.0
1778197201.755,5877.512,1778197201.7525706,96.89634687299986,74.267578125,6.215682517351673,12.0,1.0,1.0,0.0,0.0,1.0,0.0
1778197202.006,5877.763,1778197202.003676,98.9145334269997,74.267578125,6.215682517351673,12.0,1.0,1.0,0.0,0.0,1.0,0.0
1778197202.257,5878.013,1778197202.2545652,98.9145334269997,74.267578125,6.215682517351673,12.0,1.0,1.0,0.0,0.0,1.0,0.0
1778197202.508,5878.264,1778197202.5051925,98.9145334269997,74.267578125,6.215682517351673,12.0,1.0,1.0,0.0,0.0,1.0,0.0
1778197202.758,5878.515,1778197202.7559497,98.9145334269997,74.267578125,6.215682517351673,12.0,1.0,1.0,0.0,0.0,1.0,0.0
1778197203.009,5878.766,1778197203.0066183,98.9145334269997,74.267578125,6.215682517351673,12.0,1.0,1.0,0.0,0.0,1.0,0.0
1778197203.260,5879.016,1778197203.2573195,98.9145334269997,74.267578125,6.215682517351673,12.0,1.0,1.0,0.0,0.0,1.0,0.0
1778197203.510,5879.267,1778197203.5079386,98.9145334269997,74.267578125,6.215682517351673,12.0,1.0,1.0,0.0,0.0,1.0,0.0
1778197203.761,5879.518,1778197203.7586212,98.9145334269997,74.267578125,6.215682517351673,12.0,1.0,1.0,0.0,0.0,1.0,0.0
1778197204.012,5879.768,1778197204.0093453,100.93271937000009,74.267578125,6.215432367136464,12.0,1.0,1.0,0.0,0.0,1.0,0.0
1778197204.262,5880.019,1778197204.26006,100.93271937000009,74.267578125,6.215432367136464,12.0,1.0,1.0,0.0,0.0,1.0,0.0
1778197204.513,5880.270,1778197204.510739,100.93271937000009,74.267578125,6.215432367136464,12.0,1.0,1.0,0.0,0.0,1.0,0.0
1778197204.764,5880.521,1778197204.761438,100.93271937000009,74.267578125,6.215432367136464,12.0,1.0,1.0,0.0,0.0,1.0,0.0
1778197205.015,5880.771,1778197205.0122616,100.93271937000009,74.267578125,6.215432367136464,12.0,1.0,1.0,0.0,0.0,1.0,0.0
1778197205.266,5881.022,1778197205.2629433,100.93271937000009,74.267578125,6.215432367136464,12.0,1.0,1.0,0.0,0.0,1.0,0.0
1778197205.516,5881.273,1778197205.5136383,100.93271937000009,74.267578125,6.215432367136464,12.0,1.0,1.0,0.0,0.0,1.0,0.0
1778197205.767,5881.524,1778197205.7643635,100.93271937000009,74.267578125,6.215432367136464,12.0,1.0,1.0,0.0,0.0,1.0,0.0
1778197206.018,5881.774,1778197206.0151432,102.95227127900034,84.375,6.215282277007339,12.0,1.0,1.0,0.0,0.0,1.0,0.0
1778197206.269,5882.025,1778197206.2658556,102.95227127900034,84.375,6.215282277007339,12.0,1.0,1.0,0.0,0.0,1.0,0.0
1778197206.519,5882.276,1778197206.5166163,102.95227127900034,84.375,6.215282277007339,12.0,1.0,1.0,0.0,0.0,1.0,0.0
1778197206.770,5882.526,1778197206.7673154,102.95227127900034,84.375,6.215282277007339,12.0,1.0,1.0,0.0,0.0,1.0,0.0
1778197207.021,5882.777,1778197207.017996,102.95227127900034,84.375,6.215282277007339,12.0,1.0,1.0,0.0,0.0,1.0,0.0
1778197207.271,5883.028,1778197207.2686472,102.95227127900034,84.375,6.215282277007339,12.0,1.0,1.0,0.0,0.0,1.0,0.0
1778197207.522,5883.279,1778197207.519375,102.95227127900034,84.375,6.215282277007339,12.0,1.0,1.0,0.0,0.0,1.0,0.0
1778197207.773,5883.529,1778197207.770067,102.95227127900034,84.375,6.215282277007339,12.0,1.0,1.0,0.0,0.0,1.0,0.0
1778197208.023,5883.780,1778197208.0207946,104.97158345200023,84.375,6.215132186878225,12.0,1.0,1.0,0.0,0.0,1.0,0.0
1778197208.274,5884.031,1778197208.2714958,104.97158345200023,84.375,6.215132186878225,12.0,1.0,1.0,0.0,0.0,1.0,0.0
1778197208.525,5884.281,1778197208.5221958,104.97158345200023,84.375,6.215132186878225,12.0,1.0,1.0,0.0,0.0,1.0,0.0
1778197208.775,5884.532,1778197208.7728565,104.97158345200023,84.375,6.215132186878225,12.0,1.0,1.0,0.0,0.0,1.0,0.0
1778197209.026,5884.783,1778197209.0235868,104.97158345200023,84.375,6.215132186878225,12.0,1.0,1.0,0.0,0.0,1.0,0.0
1778197209.277,5885.033,1778197209.2742882,104.97158345200023,84.375,6.215132186878225,12.0,1.0,1.0,0.0,0.0,1.0,0.0
1778197209.528,5885.284,1778197209.524986,104.97158345200023,84.375,6.215132186878225,12.0,1.0,1.0,0.0,0.0,1.0,0.0
1778197209.778,5885.535,1778197209.7756915,104.97158345200023,84.375,6.215132186878225,12.0,1.0,1.0,0.0,0.0,1.0,0.0
1778197210.029,5885.785,1778197210.0263417,106.99071420099972,85.64453125,6.215082156835184,12.0,1.0,1.0,0.0,0.0,1.0,0.0
1778197210.280,5886.036,1778197210.2770288,106.99071420099972,85.64453125,6.215082156835184,12.0,1.0,1.0,0.0,0.0,1.0,0.0
1778197210.531,5886.287,1778197210.5276978,106.99071420099972,85.64453125,6.215082156835184,12.0,1.0,1.0,0.0,0.0,1.0,0.0
1778197210.782,5886.538,1778197210.7783923,106.99071420099972,85.64453125,6.215082156835184,12.0,1.0,1.0,0.0,0.0,1.0,0.0
1778197211.032,5886.789,1778197211.029033,106.99071420099972,85.64453125,6.215082156835184,12.0,1.0,1.0,0.0,0.0,1.0,0.0
1778197211.283,5887.039,1778197211.2797334,106.99071420099972,85.64453125,6.215082156835184,12.0,1.0,1.0,0.0,0.0,1.0,0.0
1778197211.534,5887.290,1778197211.5305436,106.99071420099972,85.64453125,6.215082156835184,12.0,1.0,1.0,0.0,0.0,1.0,0.0
1778197211.784,5887.541,1778197211.781245,106.99071420099972,85.64453125,6.215082156835184,12.0,1.0,1.0,0.0,0.0,1.0,0.0
1778197212.035,5887.792,1778197212.0322235,109.00868530200023,85.64453125,6.215032126792142,12.0,1.0,1.0,0.0,0.0,1.0,0.0
1778197212.286,5888.042,1778197212.2829988,109.00868530200023,85.64453125,6.215032126792142,12.0,1.0,1.0,0.0,0.0,1.0,0.0
1778197212.536,5888.293,1778197212.533703,109.00868530200023,85.64453125,6.215032126792142,12.0,1.0,1.0,0.0,0.0,1.0,0.0
1778197212.787,5888.544,1778197212.7845037,109.00868530200023,85.64453125,6.215032126792142,12.0,1.0,1.0,0.0,0.0,1.0,0.0
1778197213.038,5888.794,1778197213.035306,109.00868530200023,85.64453125,6.215032126792142,12.0,1.0,1.0,0.0,0.0,1.0,0.0
1778197213.289,5889.045,1778197213.2862632,109.00868530200023,85.64453125,6.215032126792142,12.0,1.0,1.0,0.0,0.0,1.0,0.0
1778197213.539,5889.296,1778197213.5372264,109.00868530200023,85.64453125,6.215032126792142,12.0,1.0,1.0,0.0,0.0,1.0,0.0
1778197213.790,5889.546,1778197213.7879162,109.00868530200023,85.64453125,6.215032126792142,12.0,1.0,1.0,0.0,0.0,1.0,0.0
1778197214.041,5889.797,1778197214.038882,109.00868530200023,85.64453125,6.215032126792142,12.0,1.0,1.0,0.0,0.0,1.0,0.0
1778197214.292,5890.048,1778197214.2897592,111.02897073799977,86.81640625,6.2149820967491,12.0,1.0,1.0,0.0,0.0,1.0,0.0
1778197214.542,5890.299,1778197214.5405726,111.02897073799977,86.81640625,6.2149820967491,12.0,1.0,1.0,0.0,0.0,1.0,0.0
1778197214.794,5890.550,1778197214.791595,111.02897073799977,86.81640625,6.2149820967491,12.0,1.0,1.0,0.0,0.0,1.0,0.0
1778197215.045,5890.801,1778197215.0425718,111.02897073799977,86.81640625,6.2149820967491,12.0,1.0,1.0,0.0,0.0,1.0,0.0
1778197215.295,5891.052,1778197215.2932436,111.02897073799977,86.81640625,6.2149820967491,12.0,1.0,1.0,0.0,0.0,1.0,0.0
1778197215.546,5891.303,1778197215.543922,111.02897073799977,86.81640625,6.2149820967491,12.0,1.0,1.0,0.0,0.0,1.0,0.0
1778197215.797,5891.553,1778197215.7946212,111.02897073799977,86.81640625,6.2149820967491,12.0,1.0,1.0,0.0,0.0,1.0,0.0
1778197216.047,5891.804,1778197216.0452957,111.02897073799977,86.81640625,6.2149820967491,12.0,1.0,1.0,0.0,0.0,1.0,0.0
1778197216.298,5892.055,1778197216.2960184,113.04828096599977,86.81640625,6.218083959417631,12.0,1.0,1.0,0.0,0.0,1.0,0.0
1778197216.549,5892.305,1778197216.5466259,113.04828096599977,86.81640625,6.218083959417631,12.0,1.0,1.0,0.0,0.0,1.0,0.0
1778197216.799,5892.556,1778197216.7973588,113.04828096599977,86.81640625,6.218083959417631,12.0,1.0,1.0,0.0,0.0,1.0,0.0
1778197217.050,5892.806,1778197217.0480897,113.04828096599977,86.81640625,6.218083959417631,12.0,1.0,1.0,0.0,0.0,1.0,0.0
1778197217.300,5893.057,1778197217.2990093,113.04828096599977,86.81640625,6.218083959417631,12.0,1.0,1.0,0.0,0.0,1.0,0.0
1778197217.551,5893.308,1778197217.549691,113.04828096599977,86.81640625,6.218083959417631,12.0,1.0,1.0,0.0,0.0,1.0,0.0
1778197217.802,5893.559,1778197217.800351,113.04828096599977,86.81640625,6.218083959417631,12.0,1.0,1.0,0.0,0.0,1.0,0.0
1778197218.003,5893.759,1778197218.0008502,113.04828096599977,86.81640625,6.218083959417631,12.0,1.0,1.0,0.0,0.0,1.0,0.0
1778197218.253,5894.010,1778197218.2515268,115.06575233300009,86.81640625,6.217833809202422,12.0,1.0,1.0,0.0,0.0,1.0,0.0
1778197218.504,5894.260,1778197218.5021663,115.06575233300009,86.81640625,6.217833809202422,12.0,1.0,1.0,0.0,0.0,1.0,0.0
1778197218.755,5894.511,1778197218.752839,115.06575233300009,86.81640625,6.217833809202422,12.0,1.0,1.0,0.0,0.0,1.0,0.0
1778197219.006,5894.762,1778197219.0034537,115.06575233300009,86.81640625,6.217833809202422,12.0,1.0,1.0,0.0,0.0,1.0,0.0
1778197219.256,5895.013,1778197219.254139,115.06575233300009,86.81640625,6.217833809202422,12.0,1.0,1.0,0.0,0.0,1.0,0.0
1778197219.507,5895.263,1778197219.5051184,115.06575233300009,86.81640625,6.217833809202422,12.0,1.0,1.0,0.0,0.0,1.0,0.0
1778197219.758,5895.514,1778197219.7561457,115.06575233300009,86.81640625,6.217833809202422,12.0,1.0,1.0,0.0,0.0,1.0,0.0
1778197220.009,5895.765,1778197220.006751,115.06575233300009,86.81640625,6.217833809202422,12.0,1.0,1.0,0.0,0.0,1.0,0.0
1778197220.260,5896.016,1778197220.257444,117.08413668699995,87.890625,6.2176837190733085,12.0,1.0,1.0,0.0,0.0,1.0,0.0
1778197220.510,5896.267,1778197220.5081139,117.08413668699995,87.890625,6.2176837190733085,12.0,1.0,1.0,0.0,0.0,1.0,0.0
1778197220.761,5896.518,1778197220.7588034,117.08413668699995,87.890625,6.2176837190733085,12.0,1.0,1.0,0.0,0.0,1.0,0.0
1778197221.012,5896.768,1778197221.0094378,117.08413668699995,87.890625,6.2176837190733085,12.0,1.0,1.0,0.0,0.0,1.0,0.0
1778197221.263,5897.019,1778197221.2600858,117.08413668699995,87.890625,6.2176837190733085,12.0,1.0,1.0,0.0,0.0,1.0,0.0
1778197221.513,5897.270,1778197221.5107465,117.08413668699995,87.890625,6.2176837190733085,12.0,1.0,1.0,0.0,0.0,1.0,0.0
1778197221.764,5897.521,1778197221.7614777,117.08413668699995,87.890625,6.2176837190733085,12.0,1.0,1.0,0.0,0.0,1.0,0.0
1778197222.015,5897.771,1778197222.0122263,117.08413668699995,87.890625,6.2176837190733085,12.0,1.0,1.0,0.0,0.0,1.0,0.0
1778197222.266,5898.022,1778197222.2629652,119.10183249300007,87.890625,6.21773374911635,12.0,1.0,1.0,0.0,0.0,1.0,0.0
1778197222.517,5898.273,1778197222.5136924,119.10183249300007,87.890625,6.21773374911635,12.0,1.0,1.0,0.0,0.0,1.0,0.0
1778197222.768,5898.524,1778197222.764417,119.10183249300007,87.890625,6.21773374911635,12.0,1.0,1.0,0.0,0.0,1.0,0.0
1778197223.018,5898.775,1778197223.0150685,119.10183249300007,87.890625,6.21773374911635,12.0,1.0,1.0,0.0,0.0,1.0,0.0
1778197223.269,5899.026,1778197223.265768,119.10183249300007,87.890625,6.21773374911635,12.0,1.0,1.0,0.0,0.0,1.0,0.0
1778197223.520,5899.276,1778197223.516412,119.10183249300007,87.890625,6.21773374911635,12.0,1.0,1.0,0.0,0.0,1.0,0.0
1778197223.771,5899.527,1778197223.7670884,119.10183249300007,87.890625,6.21773374911635,12.0,1.0,1.0,0.0,0.0,1.0,0.0
1778197224.021,5899.778,1778197224.0177417,119.10183249300007,87.890625,6.21773374911635,12.0,1.0,1.0,0.0,0.0,1.0,0.0
1778197224.272,5900.029,1778197224.2686217,121.12038409700017,80.810546875,6.2176837190733085,12.0,1.0,1.0,0.0,0.0,1.0,0.0
1778197224.523,5900.279,1778197224.5192428,121.12038409700017,80.810546875,6.2176837190733085,12.0,1.0,1.0,0.0,0.0,1.0,0.0
1778197224.774,5900.530,1778197224.7699509,121.12038409700017,80.810546875,6.2176837190733085,12.0,1.0,1.0,0.0,0.0,1.0,0.0
1778197225.025,5900.781,1778197225.0206146,121.12038409700017,80.810546875,6.2176837190733085,12.0,1.0,1.0,0.0,0.0,1.0,0.0
1778197225.276,5901.032,1778197225.2713253,121.12038409700017,80.810546875,6.2176837190733085,12.0,1.0,1.0,0.0,0.0,1.0,0.0
1778197225.526,5901.283,1778197225.5220737,121.12038409700017,80.810546875,6.2176837190733085,12.0,1.0,1.0,0.0,0.0,1.0,0.0
1778197225.777,5901.533,1778197225.7728004,121.12038409700017,80.810546875,6.2176837190733085,12.0,1.0,1.0,0.0,0.0,1.0,0.0
1778197226.028,5901.784,1778197226.0234752,121.12038409700017,80.810546875,6.2176837190733085,12.0,1.0,1.0,0.0,0.0,1.0,0.0
1778197226.278,5902.035,1778197226.2742276,123.14010577499994,80.810546875,6.2176837190733085,12.0,1.0,1.0,0.0,0.0,1.0,0.0
1778197226.529,5902.285,1778197226.5250182,123.14010577499994,80.810546875,6.2176837190733085,12.0,1.0,1.0,0.0,0.0,1.0,0.0
1778197226.780,5902.536,1778197226.77575,123.14010577499994,80.810546875,6.2176837190733085,12.0,1.0,1.0,0.0,0.0,1.0,0.0
1778197227.030,5902.787,1778197227.0264108,123.14010577499994,80.810546875,6.2176837190733085,12.0,1.0,1.0,0.0,0.0,1.0,0.0
1778197227.281,5903.037,1778197227.2770789,123.14010577499994,80.810546875,6.2176837190733085,12.0,1.0,1.0,0.0,0.0,1.0,0.0
