timestamp_utc,elapsed_s,mode,led,polar_deg,azimuth_deg,sample_index,dac_code,target_current_a,led_current_a,bridge_temperature_c,sgt_tia_v,sol_tia_v,external_pd_v
2026-07-27T18:58:19.838805+00:00,0.150773,open,dark,,,0,0,,0.000710227,24.3241,4.897011757,4.903544426,1.651274681
2026-07-27T18:58:19.989707+00:00,0.301674,open,dark,,,1,0,,0.000710227,24.3201,4.896985054,4.903543949,1.651314735
2026-07-27T18:58:20.140339+00:00,0.452316,open,dark,,,2,0,,0.000710227,24.3181,4.897001266,4.903564930,1.651191473
2026-07-27T18:58:20.290753+00:00,0.602730,open,dark,,,3,0,,0.000710227,24.3161,4.897018433,4.903612137,1.651262283
2026-07-27T18:58:20.441167+00:00,0.753144,open,dark,,,4,0,,0.000710227,24.3122,4.897063732,4.903654575,1.651447058
2026-07-27T18:58:30.594584+00:00,10.756222,open,rgb,,,0,700,,0.258721591,28.4452,4.043574810,4.033689499,1.650174141
2026-07-27T18:58:31.594603+00:00,11.756354,open,rgb,,,1,700,,0.258693182,28.8410,4.044020176,4.034136295,1.650046468
2026-07-27T18:58:32.594795+00:00,12.756490,open,rgb,,,2,700,,0.258465909,29.2177,4.044389248,4.034526825,1.649951220
2026-07-27T18:58:33.594857+00:00,13.756607,open,rgb,,,3,700,,0.258607955,29.5750,4.044687271,4.034693718,1.649798393
2026-07-27T18:58:34.595102+00:00,14.756729,open,rgb,,,4,700,,0.258551136,29.9149,4.044860363,4.035035610,1.649954677
2026-07-27T18:58:35.595173+00:00,15.756858,open,rgb,,,5,700,,0.258551136,30.2622,4.045209885,4.035380363,1.650030375
2026-07-27T18:58:36.595384+00:00,16.756980,open,rgb,,,6,700,,0.258551136,30.5857,4.045636654,4.035794735,1.649997115
2026-07-27T18:58:37.595520+00:00,17.757103,open,rgb,,,7,700,,0.258551136,30.8956,4.046006203,4.036069393,1.649435163
2026-07-27T18:58:38.595655+00:00,18.757202,open,rgb,,,8,700,,0.258607955,31.1938,4.046088219,4.036293507,1.650084853
2026-07-27T18:58:39.595667+00:00,19.757327,open,rgb,,,9,700,,0.258579545,31.4952,4.046422005,4.036630154,1.650046468
2026-07-27T18:58:40.595906+00:00,20.757453,open,rgb,,,10,700,,0.258579545,31.7869,4.046680450,4.036841869,1.649646282
2026-07-27T18:58:41.595981+00:00,21.757596,open,rgb,,,11,700,,0.258494318,32.0668,4.046927929,4.037137985,1.649677277
2026-07-27T18:58:42.596109+00:00,22.757716,open,rgb,,,12,700,,0.258551136,32.3434,4.047225952,4.037415981,1.649971008
2026-07-27T18:58:43.596368+00:00,23.757868,open,rgb,,,13,700,,0.258636364,32.6102,4.047390938,4.037625790,1.650118709
2026-07-27T18:58:44.596411+00:00,24.757996,open,rgb,,,14,700,,0.258607955,32.8392,4.047758102,4.038031101,1.649865508
2026-07-27T18:58:45.596577+00:00,25.758115,open,rgb,,,15,700,,0.258607955,33.1075,4.047955513,4.038233280,1.650018096
2026-07-27T18:58:46.596745+00:00,26.758240,open,rgb,,,16,700,,0.258636364,33.3357,4.048277378,4.038423538,1.649759054
2026-07-27T18:58:47.596695+00:00,27.758361,open,rgb,,,17,700,,0.258607955,33.5970,4.048329353,4.038659573,1.649879932
2026-07-27T18:58:48.596818+00:00,28.758481,open,rgb,,,18,700,,0.258579545,33.8352,4.048834801,4.039087772,1.649865031
2026-07-27T18:58:49.596970+00:00,29.758604,open,rgb,,,19,700,,0.258579545,34.0546,4.048800468,4.039093018,1.649965644
2026-07-27T18:58:50.597105+00:00,30.758729,open,rgb,,,20,700,,0.258551136,34.2549,4.049138546,4.039414406,1.649934173
2026-07-27T18:58:51.597227+00:00,31.758858,open,rgb,,,21,700,,0.258721591,34.4995,4.049273014,4.039540768,1.650031090
2026-07-27T18:58:52.597306+00:00,32.758976,open,rgb,,,22,700,,0.258607955,34.7295,4.049534321,4.039788723,1.650040627
2026-07-27T18:58:53.597483+00:00,33.759097,open,rgb,,,23,700,,0.258636364,34.9403,4.049824715,4.039835453,1.649883866
2026-07-27T18:58:54.597641+00:00,34.759220,open,rgb,,,24,700,,0.258607955,35.1429,4.049883366,4.040162563,1.649739861
2026-07-27T18:58:55.597685+00:00,35.759331,open,rgb,,,25,700,,0.258664773,35.3372,4.050026417,4.040283203,1.649925351
2026-07-27T18:58:56.597812+00:00,36.759458,open,rgb,,,26,700,,0.258664773,35.5498,4.050263882,4.040553093,1.650171995
2026-07-27T18:58:57.597982+00:00,37.759575,open,rgb,,,27,700,,0.258636364,35.7562,4.050509930,4.040824890,1.650087476
2026-07-27T18:58:58.598014+00:00,38.759690,open,rgb,,,28,700,,0.258693182,35.9299,4.050653458,4.040939331,1.650143147
2026-07-27T18:58:59.598198+00:00,39.759815,open,rgb,,,29,700,,0.258636364,36.1351,4.050867081,4.041181087,1.649946332
2026-07-27T18:59:00.598345+00:00,40.759936,open,rgb,,,30,700,,0.258693182,36.3298,4.051147938,4.041276932,1.649814725
2026-07-27T18:59:01.598536+00:00,41.760066,open,rgb,,,31,700,,0.258636364,36.5160,4.051081181,4.041433811,1.649788618
2026-07-27T18:59:02.598611+00:00,42.760188,open,rgb,,,32,700,,0.258551136,36.6914,4.051371574,4.041713238,1.649878025
2026-07-27T18:59:03.598662+00:00,43.760305,open,rgb,,,33,700,,0.258664773,36.8695,4.051572323,4.041853905,1.650108457
2026-07-27T18:59:04.598821+00:00,44.760435,open,rgb,,,34,700,,0.258693182,37.0503,4.051738739,4.042100430,1.650097966
2026-07-27T18:59:05.598957+00:00,45.760557,open,rgb,,,35,700,,0.258693182,37.2157,4.051904202,4.042368889,1.650022030
2026-07-27T18:59:06.599886+00:00,46.760681,open,rgb,,,36,700,,0.258664773,37.3974,4.052106380,4.042572021,1.649991274
2026-07-27T18:59:07.599203+00:00,47.760817,open,rgb,,,37,700,,0.258636364,37.5522,4.052208900,4.042482853,1.650027394
2026-07-27T18:59:08.599355+00:00,48.760939,open,rgb,,,38,700,,0.258636364,37.7097,4.052284718,4.042668343,1.649943471
2026-07-27T18:59:09.599445+00:00,49.761065,open,rgb,,,39,700,,0.258636364,37.8812,4.052544117,4.042920113,1.650174618
2026-07-27T18:59:10.599553+00:00,50.761180,open,rgb,,,40,700,,0.258693182,38.0440,4.052752495,4.043128014,1.650123358
2026-07-27T18:59:11.599583+00:00,51.761301,open,rgb,,,41,700,,0.258750000,38.1934,4.053002357,4.043338776,1.650095105
2026-07-27T18:59:12.599945+00:00,52.761428,open,rgb,,,42,700,,0.258778409,38.3477,4.053192139,4.043578148,1.649897814
2026-07-27T18:59:13.600026+00:00,53.761547,open,rgb,,,43,700,,0.258579545,38.4954,4.053420544,4.043771744,1.648930550
2026-07-27T18:59:14.600099+00:00,54.761673,open,rgb,,,44,700,,0.258721591,38.6620,4.053401947,4.043741703,1.649855256
2026-07-27T18:59:15.600169+00:00,55.761820,open,rgb,,,45,700,,0.258721591,38.8150,4.053589821,4.043985844,1.649828196
2026-07-27T18:59:16.600380+00:00,56.761942,open,rgb,,,46,700,,0.258750000,38.9638,4.053683758,4.044097900,1.650055766
2026-07-27T18:59:17.600441+00:00,57.762065,open,rgb,,,47,700,,0.258636364,39.0476,4.053911209,4.044292450,1.650103807
2026-07-27T18:59:18.600527+00:00,58.762190,open,rgb,,,48,700,,0.258693182,39.2225,4.054076195,4.044512749,1.650037646
2026-07-27T18:59:19.600587+00:00,59.762312,open,rgb,,,49,700,,0.258835227,39.3792,4.054237843,4.044635773,1.650076747
2026-07-27T18:59:20.600698+00:00,60.762437,open,rgb,,,50,700,,0.258636364,39.5246,4.054445744,4.044801235,1.649912238
2026-07-27T18:59:21.601266+00:00,61.762581,open,rgb,,,51,700,,0.258664773,39.6585,4.054652214,4.045090199,1.649187565
2026-07-27T18:59:22.601115+00:00,62.762708,open,rgb,,,52,700,,0.258636364,39.7974,4.054534912,4.044981480,1.649786472
2026-07-27T18:59:23.601012+00:00,63.762831,open,rgb,,,53,700,,0.258607955,39.9295,4.054684162,4.045213223,1.650027156
2026-07-27T18:59:24.601318+00:00,64.762955,open,rgb,,,54,700,,0.258693182,40.0666,4.055089951,4.045627594,1.649980307
2026-07-27T18:59:25.601406+00:00,65.763079,open,rgb,,,55,700,,0.258750000,40.2016,4.054971695,4.045499802,1.650080442
2026-07-27T18:59:26.601565+00:00,66.763206,open,rgb,,,56,700,,0.258664773,40.3298,4.055229187,4.045748711,1.649924636
2026-07-27T18:59:27.601728+00:00,67.763331,open,rgb,,,57,700,,0.258636364,40.4582,4.055456638,4.045807838,1.649744034
2026-07-27T18:59:28.601801+00:00,68.763448,open,rgb,,,58,700,,0.258522727,40.5846,4.055401802,4.045835972,1.649811387
2026-07-27T18:59:29.601945+00:00,69.763569,open,rgb,,,59,700,,0.258721591,40.7087,4.055526733,4.046016693,1.649889946
2026-07-27T18:59:30.602038+00:00,70.763686,open,rgb,,,60,700,,0.258664773,40.8332,4.055650234,4.046162605,1.650147319
2026-07-27T18:59:31.602182+00:00,71.763806,open,rgb,,,61,700,,0.258721591,40.9602,4.055815220,4.046315670,1.649989367
2026-07-27T18:59:32.602311+00:00,72.763928,open,rgb,,,62,700,,0.258636364,41.0779,4.056039810,4.046549320,1.649928808
2026-07-27T18:59:33.602458+00:00,73.764052,open,rgb,,,63,700,,0.258693182,41.2031,4.056197166,4.046697140,1.650054574
2026-07-27T18:59:34.602534+00:00,74.764171,open,rgb,,,64,700,,0.258750000,41.3140,4.056301594,4.046620846,1.649850965
2026-07-27T18:59:35.602610+00:00,75.764309,open,rgb,,,65,700,,0.258693182,41.4300,4.056389332,4.046864986,1.649767637
2026-07-27T18:59:36.602828+00:00,76.764431,open,rgb,,,66,700,,0.258664773,41.5365,4.056424618,4.046963692,1.649905562
2026-07-27T18:59:37.602869+00:00,77.764550,open,rgb,,,67,700,,0.258636364,41.6577,4.056530476,4.047052860,1.650096059
2026-07-27T18:59:38.603048+00:00,78.764700,open,rgb,,,68,700,,0.258551136,41.7768,4.056650162,4.047214508,1.650102139
2026-07-27T18:59:39.603146+00:00,79.764819,open,rgb,,,69,700,,0.258664773,41.8839,4.056931496,4.047449589,1.649832606
2026-07-27T18:59:40.603290+00:00,80.764936,open,rgb,,,70,700,,0.258607955,41.9960,4.057071686,4.047637463,1.649764776
2026-07-27T18:59:41.603470+00:00,81.765055,open,rgb,,,71,700,,0.258636364,42.1108,4.057097912,4.047546864,1.649892449
2026-07-27T18:59:42.603496+00:00,82.765174,open,rgb,,,72,700,,0.258579545,42.2063,4.057081699,4.047631264,1.649737835
2026-07-27T18:59:43.603706+00:00,83.765301,open,rgb,,,73,700,,0.258693182,42.3141,4.057239056,4.047781467,1.650029182
2026-07-27T18:59:44.603920+00:00,84.765427,open,rgb,,,74,700,,0.258750000,42.4222,4.057452679,4.048053741,1.649906874
2026-07-27T18:59:45.603995+00:00,85.765545,open,rgb,,,75,700,,0.258636364,42.5280,4.057570934,4.048130512,1.649947047
2026-07-27T18:59:46.604067+00:00,86.765664,open,rgb,,,76,700,,0.258693182,42.6364,4.057847023,4.048384666,1.649786472
2026-07-27T18:59:47.604166+00:00,87.765785,open,rgb,,,77,700,,0.258664773,42.7401,4.057928085,4.048394203,1.649862647
2026-07-27T18:59:48.604389+00:00,88.765907,open,rgb,,,78,700,,0.258778409,42.8464,4.057820797,4.048379421,1.649710059
2026-07-27T18:59:49.604486+00:00,89.766040,open,rgb,,,79,700,,0.258721591,42.9034,4.057950497,4.048576832,1.649186134
2026-07-27T18:59:50.604526+00:00,90.766168,open,rgb,,,80,700,,0.258835227,43.0125,4.058101654,4.048691273,1.650134325
2026-07-27T18:59:51.604610+00:00,91.766291,open,rgb,,,81,700,,0.258664773,43.1169,4.058333397,4.048852444,1.649973750
2026-07-27T18:59:52.604804+00:00,92.766410,open,rgb,,,82,700,,0.258721591,43.2214,4.058243752,4.048782825,1.650137544
2026-07-27T18:59:53.604879+00:00,93.766539,open,rgb,,,83,700,,0.258721591,43.3186,4.058517456,4.049077988,1.649977565
2026-07-27T18:59:54.605074+00:00,94.766650,open,rgb,,,84,700,,0.258579545,43.4110,4.058638096,4.049071789,1.649844289
2026-07-27T18:59:55.605082+00:00,95.766770,open,rgb,,,85,700,,0.258778409,43.4961,4.058651447,4.049165249,1.649812341
2026-07-27T18:59:56.605311+00:00,96.766896,open,rgb,,,86,700,,0.258579545,43.5712,4.058698654,4.049294472,1.649729371
2026-07-27T18:59:57.605371+00:00,97.767017,open,rgb,,,87,700,,0.258778409,43.6866,4.058904171,4.049502373,1.649983525
2026-07-27T18:59:58.605476+00:00,98.767138,open,rgb,,,88,700,,0.258778409,43.7896,4.058977604,4.049576759,1.649998426
2026-07-27T18:59:59.605645+00:00,99.767264,open,rgb,,,89,700,,0.258778409,43.8752,4.058978081,4.049540043,1.650089145
2026-07-27T19:00:00.605752+00:00,100.767379,open,rgb,,,90,700,,0.258664773,43.9761,4.059362411,4.049983025,1.649850607
2026-07-27T19:00:01.605675+00:00,101.767488,open,rgb,,,91,700,,0.258664773,44.0544,4.059340477,4.049735546,1.649768591
2026-07-27T19:00:02.606133+00:00,102.767606,open,rgb,,,92,700,,0.258750000,44.1353,4.059238911,4.049884796,1.649757385
2026-07-27T19:00:03.606077+00:00,103.767719,open,rgb,,,93,700,,0.258607955,44.2264,4.059297562,4.049901009,1.649832129
2026-07-27T19:00:04.606315+00:00,104.767846,open,rgb,,,94,700,,0.258636364,44.3203,4.059465408,4.050125122,1.650075555
2026-07-27T19:00:05.606282+00:00,105.767968,open,rgb,,,95,700,,0.258721591,44.3635,4.059657097,4.050328255,1.650002718
2026-07-27T19:00:06.606471+00:00,106.768090,open,rgb,,,96,700,,0.258721591,44.4601,4.059810638,4.050387383,1.649983764
2026-07-27T19:00:07.606552+00:00,107.768211,open,rgb,,,97,700,,0.258693182,44.5416,4.059876442,4.050486565,1.649998069
2026-07-27T19:00:08.606695+00:00,108.768328,open,rgb,,,98,700,,0.258693182,44.6309,4.059952736,4.050350189,1.650022745
2026-07-27T19:00:09.607930+00:00,109.768447,open,rgb,,,99,700,,0.258750000,44.7305,4.059942245,4.050629139,1.649747133
2026-07-27T19:00:10.606960+00:00,110.768565,open,rgb,,,100,700,,0.258664773,44.7970,4.060067177,4.050645351,1.650073290
2026-07-27T19:00:11.607085+00:00,111.768682,open,rgb,,,101,700,,0.258636364,44.8867,4.060164928,4.050890446,1.650038362
2026-07-27T19:00:12.607136+00:00,112.768795,open,rgb,,,102,700,,0.258920455,44.9765,4.060268402,4.050855637,1.650014043
2026-07-27T19:00:13.607218+00:00,113.768932,open,rgb,,,103,700,,0.258806818,45.0484,4.060460567,4.050977230,1.649933696
2026-07-27T19:00:14.607630+00:00,114.769058,open,rgb,,,104,700,,0.258664773,45.1282,4.060551643,4.051077843,1.649878025
2026-07-27T19:00:15.607585+00:00,115.769183,open,rgb,,,105,700,,0.258693182,45.1926,4.060481071,4.051018715,1.649702191
2026-07-27T19:00:16.607679+00:00,116.769307,open,rgb,,,106,700,,0.258636364,45.2623,4.060537815,4.051154137,1.649768591
2026-07-27T19:00:17.607734+00:00,117.769427,open,rgb,,,107,700,,0.258721591,45.3346,4.060636044,4.051212788,1.650139689
2026-07-27T19:00:18.607922+00:00,118.769551,open,rgb,,,108,700,,0.258835227,45.4173,4.060765266,4.051402569,1.650096059
2026-07-27T19:00:19.608047+00:00,119.769676,open,rgb,,,109,700,,0.258721591,45.4925,4.060868740,4.051510811,1.650009632
2026-07-27T19:00:20.608211+00:00,120.769801,open,rgb,,,110,700,,0.258721591,45.5599,4.061081886,4.051669121,1.649747372
2026-07-27T19:00:21.608352+00:00,121.769920,open,rgb,,,111,700,,0.258721591,45.6404,4.061007977,4.051665783,1.650018096
2026-07-27T19:00:22.608447+00:00,122.770029,open,rgb,,,112,700,,0.258750000,45.7132,4.061070442,4.051660538,1.649707794
2026-07-27T19:00:23.608520+00:00,123.770147,open,rgb,,,113,700,,0.258750000,45.7809,4.061118126,4.051873207,1.649804473
2026-07-27T19:00:24.608800+00:00,124.770262,open,rgb,,,114,700,,0.258750000,45.8513,4.061472416,4.052084923,1.649389982
2026-07-27T19:00:25.608835+00:00,125.770392,open,rgb,,,115,700,,0.258607955,45.9374,4.061219692,4.051947594,1.649702430
2026-07-27T19:00:26.608847+00:00,126.770517,open,rgb,,,116,700,,0.258778409,46.0002,4.061485291,4.052137852,1.649893641
2026-07-27T19:00:27.609062+00:00,127.770641,open,rgb,,,117,700,,0.258693182,46.0734,4.061466694,4.052117348,1.650150180
2026-07-27T19:00:28.609151+00:00,128.770766,open,rgb,,,118,700,,0.258778409,46.1232,4.061718941,4.052152634,1.649786234
2026-07-27T19:00:29.609291+00:00,129.770892,open,rgb,,,119,700,,0.258579545,46.2072,4.061605453,4.052221298,1.649762750
2026-07-27T19:00:30.609092+00:00,130.771017,open,rgb,,,120,700,,0.258721591,46.2807,4.061650753,4.052325249,1.649869919
2026-07-27T19:00:31.609560+00:00,131.771142,open,rgb,,,121,700,,0.258778409,46.3386,4.061789513,4.052452087,1.650138736
2026-07-27T19:00:32.609662+00:00,132.771267,open,rgb,,,122,700,,0.258835227,46.4123,4.061869144,4.052601337,1.650071383
2026-07-27T19:00:33.609757+00:00,133.771386,open,rgb,,,123,700,,0.258778409,46.4915,4.062036037,4.052718163,1.650031090
2026-07-27T19:00:34.609839+00:00,134.771504,open,rgb,,,124,700,,0.258664773,46.5443,4.062120438,4.052865028,1.649835229
2026-07-27T19:00:35.610000+00:00,135.771614,open,rgb,,,125,700,,0.258721591,46.6077,4.062204361,4.052833557,1.649834037
2026-07-27T19:00:36.610209+00:00,136.771739,open,rgb,,,126,700,,0.258778409,46.6738,4.062322617,4.052967548,1.649456620
2026-07-27T19:00:37.610256+00:00,137.771862,open,rgb,,,127,700,,0.258835227,46.7321,4.062203884,4.052979469,1.649898767
2026-07-27T19:00:38.610275+00:00,138.771984,open,rgb,,,128,700,,0.258778409,46.8144,4.062376499,4.053140163,1.650049686
2026-07-27T19:00:39.610515+00:00,139.772112,open,rgb,,,129,700,,0.258664773,46.8808,4.062474728,4.053197384,1.650014997
2026-07-27T19:00:40.610555+00:00,140.772257,open,rgb,,,130,700,,0.258863636,46.9393,4.062563419,4.053288460,1.649915099
2026-07-27T19:00:41.610857+00:00,141.772382,open,rgb,,,131,700,,0.258778409,46.9925,4.062710285,4.053380489,1.649833798
2026-07-27T19:00:42.610783+00:00,142.772502,open,rgb,,,132,700,,0.258607955,47.0538,4.062581062,4.053325176,1.649753213
2026-07-27T19:00:43.610858+00:00,143.772617,open,rgb,,,133,700,,0.258664773,47.1152,4.062595844,4.053399086,1.649763942
2026-07-27T19:00:44.610360+00:00,144.772743,open,rgb,,,134,700,,0.258778409,47.1820,4.062622547,4.053439140,1.650063753
2026-07-27T19:00:45.611227+00:00,145.772864,open,rgb,,,135,700,,0.258636364,47.2488,4.062891006,4.053731918,1.649960041
2026-07-27T19:00:46.611424+00:00,146.772995,open,rgb,,,136,700,,0.258664773,47.3077,4.063088417,4.053810120,1.649841189
2026-07-27T19:00:47.611558+00:00,147.773114,open,rgb,,,137,700,,0.258835227,47.3560,4.063031197,4.053997040,1.649923444
2026-07-27T19:00:48.611667+00:00,148.773230,open,rgb,,,138,700,,0.258721591,47.4043,4.063208580,4.053812504,1.649808168
2026-07-27T19:00:49.611619+00:00,149.773360,open,rgb,,,139,700,,0.258750000,47.4687,4.063139915,4.053821087,1.649776936
2026-07-27T19:00:50.611878+00:00,150.773487,open,rgb,,,140,700,,0.258693182,47.5306,4.063168049,4.053983212,1.649774194
2026-07-27T19:00:51.611765+00:00,151.773628,open,rgb,,,141,700,,0.258863636,47.5925,4.063262463,4.053985596,1.650093794
2026-07-27T19:00:52.612155+00:00,152.773749,open,rgb,,,142,700,,0.258835227,47.6491,4.063413143,4.054115295,1.650139213
2026-07-27T19:00:53.612289+00:00,153.773872,open,rgb,,,143,700,,0.258721591,47.7138,4.063524723,4.054302692,1.649909258
2026-07-27T19:00:54.612397+00:00,154.773992,open,rgb,,,144,700,,0.258664773,47.7570,4.063717842,4.054450035,1.649748087
2026-07-27T19:00:55.612423+00:00,155.774106,open,rgb,,,145,700,,0.258750000,47.8057,4.063730240,4.054302216,1.649756908
2026-07-27T19:00:56.612650+00:00,156.774230,open,rgb,,,146,700,,0.258721591,47.8706,4.063548565,4.054316998,1.649866819
2026-07-27T19:00:57.612781+00:00,157.774355,open,rgb,,,147,700,,0.258750000,47.9275,4.063644886,4.054421425,1.649955392
2026-07-27T19:00:58.612916+00:00,158.774472,open,rgb,,,148,700,,0.258750000,47.9844,4.063657761,4.054553509,1.650119424
2026-07-27T19:00:59.613017+00:00,159.774601,open,rgb,,,149,700,,0.258863636,48.0442,4.063950062,4.054616928,1.649942160
2026-07-27T19:01:00.613054+00:00,160.774719,open,rgb,,,150,700,,0.258721591,48.1012,4.063914299,4.054681778,1.650018692
2026-07-27T19:01:01.613174+00:00,161.774837,open,rgb,,,151,700,,0.258721591,48.1502,4.064050198,4.054811954,1.649601936
2026-07-27T19:01:02.613459+00:00,162.774962,open,rgb,,,152,700,,0.258721591,48.2019,4.064020157,4.054677963,1.649879694
2026-07-27T19:01:03.613483+00:00,163.775080,open,rgb,,,153,700,,0.258664773,48.1829,4.064090252,4.054889202,1.649766922
2026-07-27T19:01:04.613629+00:00,164.775202,open,rgb,,,154,700,,0.258636364,48.2728,4.064094543,4.054780006,1.650014281
2026-07-27T19:01:05.613583+00:00,165.775318,open,rgb,,,155,700,,0.258778409,48.3383,4.064239502,4.055067062,1.649965882
2026-07-27T19:01:06.613774+00:00,166.775437,open,rgb,,,156,700,,0.258778409,48.3602,4.064341545,4.055075645,1.650028944
2026-07-27T19:01:07.613989+00:00,167.775560,open,rgb,,,157,700,,0.258664773,48.4121,4.064362049,4.055232525,1.649959326
2026-07-27T19:01:08.614022+00:00,168.775684,open,rgb,,,158,700,,0.258778409,48.4806,4.064337730,4.055195332,1.650105000
2026-07-27T19:01:09.614188+00:00,169.775810,open,rgb,,,159,700,,0.258693182,48.5217,4.064360142,4.055116653,1.649906039
2026-07-27T19:01:10.614225+00:00,170.775931,open,rgb,,,160,700,,0.258721591,48.5628,4.064350128,4.055145264,1.649744749
2026-07-27T19:01:11.614349+00:00,171.776050,open,rgb,,,161,700,,0.258750000,48.6232,4.064336777,4.055233479,1.650135517
2026-07-27T19:01:12.614793+00:00,172.776183,open,rgb,,,162,700,,0.258892045,48.6836,4.064646721,4.055305004,1.649587989
2026-07-27T19:01:13.614516+00:00,173.776305,open,rgb,,,163,700,,0.258664773,48.7166,4.064712048,4.055404663,1.650097013
2026-07-27T19:01:14.614831+00:00,174.776435,open,rgb,,,164,700,,0.258835227,48.7689,4.064805984,4.055583000,1.650078893
2026-07-27T19:01:15.614917+00:00,175.776558,open,rgb,,,165,700,,0.258750000,48.8213,4.064836025,4.055592537,1.649806499
2026-07-27T19:01:16.614997+00:00,176.776679,open,rgb,,,166,700,,0.258750000,48.8764,4.064698219,4.055522442,1.649834037
2026-07-27T19:01:17.615163+00:00,177.776804,open,rgb,,,167,700,,0.258750000,48.9289,4.064833164,4.055624008,1.649921417
2026-07-27T19:01:18.615350+00:00,178.776931,open,rgb,,,168,700,,0.258693182,48.9565,4.064868927,4.055734634,1.650010824
2026-07-27T19:01:19.615447+00:00,179.777058,open,rgb,,,169,700,,0.258636364,49.0201,4.065059185,4.056006908,1.649971724
2026-07-27T19:01:20.615590+00:00,180.777204,open,rgb,,,170,700,,0.258750000,49.0727,4.065121651,4.056015015,1.649827719
2026-07-27T19:01:21.615604+00:00,181.777325,open,rgb,,,171,700,,0.258750000,49.1254,4.065077305,4.055944920,1.649967074
2026-07-27T19:01:22.615911+00:00,182.777445,open,rgb,,,172,700,,0.258863636,49.1587,4.065188885,4.055838108,1.649880648
2026-07-27T19:01:23.616009+00:00,183.777573,open,rgb,,,173,700,,0.258664773,49.2142,4.065371513,4.056250572,1.649819374
2026-07-27T19:01:24.616087+00:00,184.777700,open,rgb,,,174,700,,0.258750000,49.2642,4.065382957,4.056169510,1.649930954
2026-07-27T19:01:25.616299+00:00,185.777827,open,rgb,,,175,700,,0.258750000,49.3059,4.065218449,4.056122303,1.650313497
2026-07-27T19:01:26.616363+00:00,186.777950,open,rgb,,,176,700,,0.258693182,49.3505,4.065385818,4.056193829,1.649976611
2026-07-27T19:01:27.616733+00:00,187.778076,open,rgb,,,177,700,,0.258778409,49.3923,4.065571785,4.056419849,1.649603128
2026-07-27T19:01:28.616675+00:00,188.778208,open,rgb,,,178,700,,0.258806818,49.4341,4.065564156,4.056378365,1.649944663
2026-07-27T19:01:29.616694+00:00,189.778333,open,rgb,,,179,700,,0.258721591,49.4927,4.065590382,4.056362152,1.649834275
2026-07-27T19:01:30.616858+00:00,190.778450,open,rgb,,,180,700,,0.258778409,49.5430,4.065604687,4.056441307,1.649896860
2026-07-27T19:01:31.616858+00:00,191.778566,open,rgb,,,181,700,,0.258721591,49.5849,4.065633774,4.056535721,1.650021315
2026-07-27T19:01:32.616932+00:00,192.778690,open,rgb,,,182,700,,0.258693182,49.6409,4.065657139,4.056548119,1.650170684
2026-07-27T19:01:33.617286+00:00,193.778849,open,rgb,,,183,700,,0.259090909,49.6773,4.065762997,4.056611538,1.650097966
2026-07-27T19:01:34.617429+00:00,194.778977,open,rgb,,,184,700,,0.258806818,49.7194,4.065857410,4.056702614,1.649951935
2026-07-27T19:01:35.617475+00:00,195.779096,open,rgb,,,185,700,,0.258750000,49.7643,4.066008568,4.056790829,1.649847746
2026-07-27T19:01:36.617530+00:00,196.779212,open,rgb,,,186,700,,0.258750000,49.8092,4.065820694,4.056629181,1.649930954
2026-07-27T19:01:37.617648+00:00,197.779330,open,rgb,,,187,700,,0.258693182,49.8542,4.065968990,4.056762695,1.649832129
2026-07-27T19:01:38.617784+00:00,198.779451,open,rgb,,,188,700,,0.258607955,49.9077,4.066027164,4.056860924,1.650114298
2026-07-27T19:01:39.618012+00:00,199.779586,open,rgb,,,189,700,,0.258750000,49.9499,4.065995693,4.056925297,1.650157809
2026-07-27T19:01:40.618056+00:00,200.779710,open,rgb,,,190,700,,0.258750000,49.9950,4.066153526,4.056993008,1.650108218
2026-07-27T19:01:41.618141+00:00,201.779830,open,rgb,,,191,700,,0.258750000,50.0176,4.066280842,4.057172775,1.649890661
2026-07-27T19:01:42.618208+00:00,202.779942,open,rgb,,,192,700,,0.258721591,50.0627,4.066236019,4.057097435,1.650028110
2026-07-27T19:01:43.618438+00:00,203.780057,open,rgb,,,193,700,,0.258721591,50.0853,4.066278458,4.057058334,1.649849892
2026-07-27T19:01:44.618624+00:00,204.780188,open,rgb,,,194,700,,0.258693182,50.1419,4.066271305,4.057163715,1.649765968
2026-07-27T19:01:45.618692+00:00,205.780310,open,rgb,,,195,700,,0.258664773,50.1532,4.066267490,4.057260513,1.650069714
2026-07-27T19:01:46.618742+00:00,206.780421,open,rgb,,,196,700,,0.258750000,50.2211,4.066373825,4.057335377,1.650051355
2026-07-27T19:01:47.618853+00:00,207.780543,open,rgb,,,197,700,,0.258750000,50.2693,4.066608429,4.057487488,1.649925351
2026-07-27T19:01:48.619015+00:00,208.780661,open,rgb,,,198,700,,0.258778409,50.2976,4.066681862,4.057376862,1.649209738
2026-07-27T19:01:49.619184+00:00,209.780796,open,rgb,,,199,700,,0.258778409,50.3459,4.066621780,4.057299614,1.649892926
2026-07-27T19:01:50.619304+00:00,210.780928,open,rgb,,,200,700,,0.258778409,50.3913,4.066398621,4.057294846,1.649791360
2026-07-27T19:01:51.619441+00:00,211.781047,open,rgb,,,201,700,,0.258721591,50.4340,4.066733360,4.057514191,1.649934411
2026-07-27T19:01:52.619456+00:00,212.781163,open,rgb,,,202,700,,0.258721591,50.4710,4.066695690,4.057573318,1.650220513
2026-07-27T19:01:53.619587+00:00,213.781300,open,rgb,,,203,700,,0.258778409,50.5051,4.066749096,4.057758808,1.649960995
2026-07-27T19:01:54.619438+00:00,214.781418,open,rgb,,,204,700,,0.258892045,50.5593,4.066843987,4.057802200,1.650017619
2026-07-27T19:01:55.619931+00:00,215.781567,open,rgb,,,205,700,,0.258750000,50.5935,4.066895485,4.057895660,1.649877548
2026-07-27T19:01:56.620084+00:00,216.781693,open,rgb,,,206,700,,0.258778409,50.6335,4.066906452,4.057729721,1.649834037
2026-07-27T19:01:57.620169+00:00,217.781818,open,rgb,,,207,700,,0.258636364,50.6620,4.066991806,4.057860374,1.649640679
2026-07-27T19:01:58.620286+00:00,218.781940,open,rgb,,,208,700,,0.258721591,50.6992,4.067080975,4.058013439,1.649888515
2026-07-27T19:01:59.620456+00:00,219.782074,open,rgb,,,209,700,,0.258721591,50.6963,4.067191601,4.058096409,1.650159955
2026-07-27T19:02:00.620596+00:00,220.782205,open,rgb,,,210,700,,0.258721591,50.7335,4.067191124,4.058109760,1.649918556
2026-07-27T19:02:01.620719+00:00,221.782328,open,rgb,,,211,700,,0.258778409,50.7936,4.067294598,4.058203220,1.649842858
2026-07-27T19:02:02.620802+00:00,222.782454,open,rgb,,,212,700,,0.258750000,50.8280,4.067248344,4.058161259,1.649996638
2026-07-27T19:02:03.620891+00:00,223.782575,open,rgb,,,213,700,,0.258892045,50.8739,4.067188263,4.058032990,1.650030613
2026-07-27T19:02:04.621082+00:00,224.782703,open,rgb,,,214,700,,0.258778409,50.9198,4.067161083,4.058127403,1.649882436
2026-07-27T19:02:05.621182+00:00,225.782831,open,rgb,,,215,700,,0.258721591,50.9687,4.067391872,4.058243752,1.650023460
2026-07-27T19:02:06.621335+00:00,226.782951,open,rgb,,,216,700,,0.258750000,51.0061,4.067379951,4.058391571,1.650098443
2026-07-27T19:02:07.621403+00:00,227.783072,open,rgb,,,217,700,,0.258721591,51.0233,4.067389965,4.058289528,1.650027156
2026-07-27T19:02:08.621550+00:00,228.783195,open,rgb,,,218,700,,0.258778409,51.0608,4.067456245,4.058452606,1.649973989
2026-07-27T19:02:09.621656+00:00,229.783325,open,rgb,,,219,700,,0.258778409,51.0867,4.067533493,4.058398724,1.649938107
2026-07-27T19:02:10.621883+00:00,230.783456,open,rgb,,,220,700,,0.258636364,51.1299,4.067477226,4.058361530,1.649703145
2026-07-27T19:02:11.621922+00:00,231.783576,open,rgb,,,221,700,,0.258778409,51.1559,4.067526340,4.058382511,1.649840951
2026-07-27T19:02:12.621915+00:00,232.783696,open,rgb,,,222,700,,0.258693182,51.1934,4.067584038,4.058486938,1.650230765
2026-07-27T19:02:13.622089+00:00,233.783812,open,rgb,,,223,700,,0.258721591,51.1328,4.067679405,4.058618546,1.650088906
2026-07-27T19:02:14.622275+00:00,234.783942,open,rgb,,,224,700,,0.258835227,51.1992,4.067632198,4.058604240,1.650160432
2026-07-27T19:02:15.622315+00:00,235.784047,open,rgb,,,225,700,,0.258892045,51.2772,4.067717552,4.058641434,1.649998069
2026-07-27T19:02:16.622510+00:00,236.784168,open,rgb,,,226,700,,0.258750000,51.3177,4.067884922,4.058605194,1.649913669
2026-07-27T19:02:17.622580+00:00,237.784292,open,rgb,,,227,700,,0.258721591,51.3583,4.067687511,4.058578491,1.649824500
2026-07-27T19:02:18.622741+00:00,238.784407,open,rgb,,,228,700,,0.258693182,51.3930,4.067858696,4.058800697,1.649979830
2026-07-27T19:02:19.622865+00:00,239.784535,open,rgb,,,229,700,,0.258750000,51.4249,4.067952633,4.058883667,1.649901748
2026-07-27T19:02:20.622991+00:00,240.784658,open,rgb,,,230,700,,0.258806818,51.4743,4.067907333,4.058815002,1.650157332
2026-07-27T19:02:21.623263+00:00,241.784784,open,rgb,,,231,700,,0.258835227,51.5062,4.068000317,4.058936119,1.650096059
2026-07-27T19:02:22.623256+00:00,242.784901,open,rgb,,,232,700,,0.258721591,51.5382,4.068080425,4.059081554,1.649815798
2026-07-27T19:02:23.623469+00:00,243.785019,open,rgb,,,233,700,,0.258750000,51.5818,4.068100929,4.058981419,1.649815798
2026-07-27T19:02:24.623515+00:00,244.785147,open,rgb,,,234,700,,0.258750000,51.6138,4.068020821,4.059060574,1.649366260
2026-07-27T19:02:25.623565+00:00,245.785291,open,rgb,,,235,700,,0.258778409,51.6517,4.068037510,4.059011459,1.650092602
2026-07-27T19:02:26.623878+00:00,246.785419,open,rgb,,,236,700,,0.258721591,51.6692,4.068246365,4.059167862,1.650078416
2026-07-27T19:02:27.623997+00:00,247.785540,open,rgb,,,237,700,,0.258693182,51.7100,4.068304539,4.059311867,1.650045991
2026-07-27T19:02:28.624050+00:00,248.785656,open,rgb,,,238,700,,0.258806818,51.7567,4.068265915,4.059220314,1.650080442
2026-07-27T19:02:29.624191+00:00,249.785784,open,rgb,,,239,700,,0.258778409,51.7742,4.068507195,4.059369087,1.649787188
2026-07-27T19:02:30.624573+00:00,250.785913,open,rgb,,,240,700,,0.258693182,51.8064,4.068370819,4.059369564,1.649140000
2026-07-27T19:02:31.624493+00:00,251.786039,open,rgb,,,241,700,,0.258806818,51.8269,4.068387032,4.059247017,1.649892688
2026-07-27T19:02:32.624523+00:00,252.786160,open,rgb,,,242,700,,0.258778409,51.8737,4.068439960,4.059395313,1.650090456
2026-07-27T19:02:33.624686+00:00,253.786281,open,rgb,,,243,700,,0.258806818,51.8883,4.068441391,4.059333801,1.650187612
2026-07-27T19:02:34.624772+00:00,254.786410,open,rgb,,,244,700,,0.258806818,51.8327,4.068579674,4.059514999,1.650064588
2026-07-27T19:02:35.624943+00:00,255.786529,open,rgb,,,245,700,,0.258721591,51.9117,4.068790436,4.059768677,1.650055051
2026-07-27T19:02:36.624891+00:00,256.786622,open,rgb,,,246,700,,0.258835227,51.9264,4.068775654,4.059426308,1.649680972
2026-07-27T19:02:37.625123+00:00,257.786745,open,rgb,,,247,700,,0.258778409,51.9850,4.068552017,4.059444427,1.649870634
2026-07-27T19:02:38.625347+00:00,258.786871,open,rgb,,,248,700,,0.258806818,52.0290,4.068522930,4.059483528,1.650090456
2026-07-27T19:02:39.625346+00:00,259.786998,open,rgb,,,249,700,,0.258778409,52.0614,4.068727016,4.059651852,1.650221944
2026-07-27T19:02:40.625415+00:00,260.787122,open,rgb,,,250,700,,0.258835227,52.1025,4.068695545,4.059643269,1.650156856
2026-07-27T19:02:41.625937+00:00,261.787244,open,rgb,,,251,700,,0.258750000,52.1172,4.068772316,4.059770584,1.649652481
2026-07-27T19:02:42.625682+00:00,262.787373,open,rgb,,,252,700,,0.258778409,52.1702,4.068846703,4.059899807,1.649919748
2026-07-27T19:02:43.625888+00:00,263.787492,open,rgb,,,253,700,,0.258750000,52.1820,4.068910599,4.059795380,1.649933457
2026-07-27T19:02:44.626054+00:00,264.787618,open,rgb,,,254,700,,0.258721591,52.2144,4.068855286,4.059781551,1.649862647
2026-07-27T19:02:45.626099+00:00,265.787735,open,rgb,,,255,700,,0.258750000,52.2527,4.068844318,4.059852600,1.650073528
2026-07-27T19:02:46.626177+00:00,266.787855,open,rgb,,,256,700,,0.258721591,52.2970,4.068874359,4.059950829,1.650127292
2026-07-27T19:02:47.626363+00:00,267.787980,open,rgb,,,257,700,,0.258863636,52.3383,4.068963051,4.059955597,1.650147557
2026-07-27T19:02:48.626464+00:00,268.788100,open,rgb,,,258,700,,0.258835227,52.3501,4.069023609,4.060067177,1.650076032
2026-07-27T19:02:49.626680+00:00,269.788235,open,rgb,,,259,700,,0.258806818,52.3827,4.069162846,4.060129642,1.649900436
2026-07-27T19:02:50.626624+00:00,270.788361,open,rgb,,,260,700,,0.258806818,52.4093,4.068969727,4.059937477,1.649861932
2026-07-27T19:02:51.626832+00:00,271.788475,open,rgb,,,261,700,,0.258750000,52.4507,4.069065094,4.060102940,1.649934888
2026-07-27T19:02:52.626986+00:00,272.788602,open,rgb,,,262,700,,0.258721591,52.4715,4.069157124,4.060013294,1.650192976
2026-07-27T19:02:53.627119+00:00,273.788722,open,rgb,,,263,700,,0.258920455,52.4981,4.069069862,4.060108185,1.650245428
2026-07-27T19:02:54.627218+00:00,274.788846,open,rgb,,,264,700,,0.258778409,52.5159,4.069238186,4.060193062,1.650204182
2026-07-27T19:02:55.627303+00:00,275.788972,open,rgb,,,265,700,,0.258750000,52.5574,4.069232464,4.060286999,1.650016904
2026-07-27T19:02:56.627429+00:00,276.789095,open,rgb,,,266,700,,0.258778409,52.5812,4.069398880,4.060263157,1.649919510
2026-07-27T19:02:57.627500+00:00,277.789199,open,rgb,,,267,700,,0.258920455,52.6139,4.069257259,4.060197830,1.649796009
2026-07-27T19:02:58.627626+00:00,278.789323,open,rgb,,,268,700,,0.258721591,52.6347,4.069269180,4.060315132,1.649823070
2026-07-27T19:02:59.627866+00:00,279.789459,open,rgb,,,269,700,,0.258778409,52.6704,4.069263935,4.060306549,1.650213242
2026-07-27T19:03:00.627933+00:00,280.789578,open,rgb,,,270,700,,0.258750000,52.6942,4.069527626,4.060565472,1.649361610
2026-07-27T19:03:01.628089+00:00,281.789703,open,rgb,,,271,700,,0.258750000,52.7150,4.069478512,4.060582161,1.650036693
2026-07-27T19:03:02.628294+00:00,282.789835,open,rgb,,,272,700,,0.258721591,52.7120,4.069493771,4.060525417,1.649694920
2026-07-27T19:03:03.628521+00:00,283.789962,open,rgb,,,273,700,,0.258750000,52.7567,4.069622993,4.060463428,1.649903893
2026-07-27T19:03:04.628523+00:00,284.790088,open,rgb,,,274,700,,0.258750000,52.7835,4.069480419,4.060494423,1.649925590
2026-07-27T19:03:05.628544+00:00,285.790210,open,rgb,,,275,700,,0.258778409,52.8104,4.069580078,4.060581207,1.650004268
2026-07-27T19:03:06.628694+00:00,286.790330,open,rgb,,,276,700,,0.258721591,52.8432,4.069552422,4.060516834,1.650285959
2026-07-27T19:03:07.628801+00:00,287.790456,open,rgb,,,277,700,,0.258835227,52.8731,4.069735527,4.060693264,1.650096297
2026-07-27T19:03:08.629025+00:00,288.790583,open,rgb,,,278,700,,0.258806818,52.8880,4.069818020,4.060878754,1.649927855
2026-07-27T19:03:09.629035+00:00,289.790706,open,rgb,,,279,700,,0.258806818,52.9149,4.069702148,4.060790539,1.650113106
2026-07-27T19:03:10.629084+00:00,290.790820,open,rgb,,,280,700,,0.258778409,52.9418,4.069732666,4.060582161,1.649990559
2026-07-27T19:03:11.629221+00:00,291.790932,open,rgb,,,281,700,,0.258835227,52.9657,4.069882393,4.060789108,1.649781823
2026-07-27T19:03:12.629420+00:00,292.791055,open,rgb,,,282,700,,0.258835227,52.9927,4.069750786,4.060770035,1.650166392
2026-07-27T19:03:13.629570+00:00,293.791184,open,rgb,,,283,700,,0.258721591,53.0136,4.069764614,4.060797215,1.650184870
2026-07-27T19:03:14.629737+00:00,294.791315,open,rgb,,,284,700,,0.258835227,53.0496,4.069721222,4.060814857,1.650245667
2026-07-27T19:03:15.629758+00:00,295.791428,open,rgb,,,285,700,,0.258892045,53.0766,4.069852829,4.060897350,1.650191426
2026-07-27T19:03:16.629902+00:00,296.791547,open,rgb,,,286,700,,0.258835227,53.0916,4.070029736,4.060948372,1.649891376
2026-07-27T19:03:17.630009+00:00,297.791667,open,rgb,,,287,700,,0.258750000,53.1126,4.069847107,4.060829163,1.649837017
2026-07-27T19:03:18.629945+00:00,298.791766,open,rgb,,,288,700,,0.258863636,53.1486,4.069953442,4.060995102,1.649994731
2026-07-27T19:03:19.630275+00:00,299.791900,open,rgb,,,289,700,,0.258721591,53.1637,4.069920063,4.061021805,1.650251746
2026-07-27T19:03:20.630352+00:00,300.792047,open,rgb,,,290,700,,0.258835227,53.1787,4.070113182,4.061110497,1.650134563
2026-07-27T19:03:21.630538+00:00,301.792168,open,rgb,,,291,700,,0.258721591,53.2238,4.070227623,4.061268806,1.649983525
2026-07-27T19:03:22.630565+00:00,302.792287,open,rgb,,,292,700,,0.258778409,53.2509,4.070157528,4.061456203,1.650062084
2026-07-27T19:03:23.630862+00:00,303.792419,open,rgb,,,293,700,,0.258721591,53.2720,4.070202351,4.061215878,1.649950743
2026-07-27T19:03:24.630967+00:00,304.792553,open,rgb,,,294,700,,0.258721591,53.2991,4.070172787,4.061228752,1.649761319
2026-07-27T19:03:25.631039+00:00,305.792680,open,rgb,,,295,700,,0.258778409,53.3292,4.070123672,4.061162949,1.650073051
2026-07-27T19:03:26.631050+00:00,306.792803,open,rgb,,,296,700,,0.258721591,53.3533,4.070277691,4.061383724,1.650117993
2026-07-27T19:03:27.631307+00:00,307.792939,open,rgb,,,297,700,,0.258863636,53.3805,4.070235252,4.061268806,1.650164843
2026-07-27T19:03:28.631415+00:00,308.793059,open,rgb,,,298,700,,0.258806818,53.4077,4.070364475,4.061416626,1.650037646
2026-07-27T19:03:29.631630+00:00,309.793189,open,rgb,,,299,700,,0.258750000,53.4288,4.070473671,4.061550617,1.649932742
2026-07-27T19:03:32.633818+00:00,312.945794,open,dark,,,0,0,,0.000710227,53.2298,4.896889687,4.903583050,1.651445627
2026-07-27T19:03:32.784452+00:00,313.096431,open,dark,,,1,0,,0.000710227,53.1727,4.896881580,4.903594017,1.651436567
2026-07-27T19:03:32.934938+00:00,313.246918,open,dark,,,2,0,,0.000710227,53.1126,4.896899700,4.903573990,1.651545048
2026-07-27T19:03:33.085385+00:00,313.397363,open,dark,,,3,0,,0.000710227,53.0406,4.896904945,4.903609753,1.651232481
2026-07-27T19:03:33.235955+00:00,313.547933,open,dark,,,4,0,,0.000710227,52.9837,4.896886826,4.903575420,1.651467800
2026-07-27T19:03:35.388935+00:00,315.550512,open,rgb,,,300,700,,0.258750000,52.1437,4.068533897,4.059566498,1.650036216
2026-07-27T19:03:36.389027+00:00,316.550628,open,rgb,,,301,700,,0.258806818,52.1319,4.068786621,4.059789181,1.650062323
2026-07-27T19:03:37.389048+00:00,317.550749,open,rgb,,,302,700,,0.258721591,52.1937,4.068849087,4.059796810,1.649890184
2026-07-27T19:03:38.389196+00:00,318.550871,open,rgb,,,303,700,,0.258806818,52.2704,4.068943501,4.059960365,1.649973273
2026-07-27T19:03:39.389110+00:00,319.550999,open,rgb,,,304,700,,0.258721591,52.3383,4.069154263,4.060118198,1.649184346
2026-07-27T19:03:40.389471+00:00,320.551125,open,rgb,,,305,700,,0.258806818,52.4507,4.069260120,4.060275078,1.650212049
2026-07-27T19:03:41.389628+00:00,321.551235,open,rgb,,,306,700,,0.258778409,52.5248,4.069390297,4.060336113,1.650204659
2026-07-27T19:03:42.389374+00:00,322.551355,open,rgb,,,307,700,,0.258778409,52.6050,4.069642067,4.060602188,1.649906278
2026-07-27T19:03:43.389633+00:00,323.551470,open,rgb,,,308,700,,0.258806818,52.6823,4.069610119,4.060518265,1.649976850
2026-07-27T19:03:44.389863+00:00,324.551594,open,rgb,,,309,700,,0.258750000,52.7478,4.069536209,4.060567379,1.649947643
2026-07-27T19:03:45.390089+00:00,325.551721,open,rgb,,,310,700,,0.258750000,52.8074,4.069611549,4.060598373,1.649881482
2026-07-27T19:03:46.390140+00:00,326.551839,open,rgb,,,311,700,,0.258693182,52.8283,4.069682598,4.060666561,1.650189281
2026-07-27T19:03:47.390172+00:00,327.551960,open,rgb,,,312,700,,0.258806818,52.9209,4.069853306,4.060810566,1.650156617
2026-07-27T19:03:48.390346+00:00,328.552081,open,rgb,,,313,700,,0.258750000,52.9717,4.069877625,4.060909271,1.650086761
2026-07-27T19:03:49.390670+00:00,329.552206,open,rgb,,,314,700,,0.258806818,52.9867,4.069870472,4.060966492,1.650054812
2026-07-27T19:03:50.390715+00:00,330.552334,open,rgb,,,315,700,,0.258750000,53.0706,4.070255280,4.060853958,1.649605751
2026-07-27T19:03:51.390712+00:00,331.552461,open,rgb,,,316,700,,0.258778409,53.1186,4.069960594,4.060939789,1.649938107
2026-07-27T19:03:52.390821+00:00,332.552580,open,rgb,,,317,700,,0.258778409,53.1306,4.070004940,4.060968876,1.650055766
2026-07-27T19:03:53.390990+00:00,333.552696,open,rgb,,,318,700,,0.258721591,53.1967,4.070083141,4.061210155,1.650144577
2026-07-27T19:03:54.391516+00:00,334.552812,open,rgb,,,319,700,,0.258835227,53.2358,4.070105553,4.061100006,1.650247693
2026-07-27T19:03:55.391156+00:00,335.552909,open,rgb,,,320,700,,0.258806818,53.2870,4.070289135,4.061290741,1.650105000
2026-07-27T19:03:56.391265+00:00,336.553035,open,rgb,,,321,700,,0.258806818,53.3262,4.070479870,4.061425686,1.650051355
2026-07-27T19:03:57.391496+00:00,337.553161,open,rgb,,,322,700,,0.258750000,53.3745,4.070446968,4.061359882,1.649992466
2026-07-27T19:03:58.391581+00:00,338.553294,open,rgb,,,323,700,,0.258750000,53.4107,4.070398808,4.061417580,1.649778843
2026-07-27T19:03:59.391722+00:00,339.553416,open,rgb,,,324,700,,0.258778409,53.4409,4.070411205,4.061381817,1.650099158
2026-07-27T19:04:00.391939+00:00,340.553545,open,rgb,,,325,700,,0.258721591,53.4741,4.070578575,4.061564922,1.649553776
2026-07-27T19:04:01.392027+00:00,341.553675,open,rgb,,,326,700,,0.258806818,53.5135,4.070540428,4.061841965,1.650067687
2026-07-27T19:04:02.392169+00:00,342.553804,open,rgb,,,327,700,,0.258806818,53.5438,4.070509911,4.061619759,1.650093555
2026-07-27T19:04:03.392262+00:00,343.553921,open,rgb,,,328,700,,0.258778409,53.5831,4.070650101,4.061637878,1.649948359
2026-07-27T19:04:04.392407+00:00,344.554040,open,rgb,,,329,700,,0.258806818,53.6165,4.070561886,4.061570168,1.649927855
2026-07-27T19:04:05.392438+00:00,345.554161,open,rgb,,,330,700,,0.258778409,53.6408,4.070548058,4.061615467,1.649881124
2026-07-27T19:04:06.392542+00:00,346.554284,open,rgb,,,331,700,,0.258750000,53.6772,4.070729256,4.061755657,1.650148988
2026-07-27T19:04:07.392709+00:00,347.554410,open,rgb,,,332,700,,0.258806818,53.7167,4.070768833,4.061841011,1.650086761
2026-07-27T19:04:08.392852+00:00,348.554532,open,rgb,,,333,700,,0.258806818,53.7440,4.070861816,4.061944008,1.650050163
2026-07-27T19:04:09.392974+00:00,349.554652,open,rgb,,,334,700,,0.258835227,53.7805,4.070849895,4.061898232,1.650165319
2026-07-27T19:04:10.393092+00:00,350.554771,open,rgb,,,335,700,,0.258778409,53.8019,4.070983887,4.061905861,1.650020838
2026-07-27T19:04:11.393306+00:00,351.554896,open,rgb,,,336,700,,0.258806818,53.8293,4.070914268,4.061869144,1.649932742
2026-07-27T19:04:12.393370+00:00,352.555014,open,rgb,,,337,700,,0.258750000,53.8658,4.070996284,4.061950207,1.650031328
2026-07-27T19:04:13.393455+00:00,353.555128,open,rgb,,,338,700,,0.258693182,53.8811,4.071046352,4.062069416,1.650185823
2026-07-27T19:04:14.393700+00:00,354.555250,open,rgb,,,339,700,,0.258778409,53.9207,4.071077347,4.062147141,1.650138259
2026-07-27T19:04:15.393676+00:00,355.555369,open,rgb,,,340,700,,0.258806818,53.9085,4.071153641,4.062179565,1.649704933
2026-07-27T19:04:16.393880+00:00,356.555473,open,rgb,,,341,700,,0.258721591,53.9574,4.071177959,4.062220573,1.649924636
2026-07-27T19:04:17.393916+00:00,357.555597,open,rgb,,,342,700,,0.258750000,54.0002,4.071174622,4.062073708,1.650122881
2026-07-27T19:04:18.394144+00:00,358.555725,open,rgb,,,343,700,,0.258778409,54.0216,4.071001053,4.062077522,1.649982452
2026-07-27T19:04:19.394175+00:00,359.555841,open,rgb,,,344,700,,0.258721591,54.0552,4.071098804,4.062163353,1.650120497
2026-07-27T19:04:20.394265+00:00,360.555965,open,rgb,,,345,700,,0.258721591,54.0981,4.071266174,4.062327862,1.650255919
2026-07-27T19:04:21.394319+00:00,361.556084,open,rgb,,,346,700,,0.258750000,54.1134,4.071360111,4.062263012,1.649690270
2026-07-27T19:04:22.394604+00:00,362.556216,open,rgb,,,347,700,,0.258721591,54.1379,4.071422577,4.062500477,1.649938107
2026-07-27T19:04:23.394600+00:00,363.556326,open,rgb,,,348,700,,0.258750000,54.1655,4.071389675,4.062533855,1.650014043
2026-07-27T19:04:24.394733+00:00,364.556445,open,rgb,,,349,700,,0.258778409,54.1932,4.071443081,4.062356949,1.649911404
2026-07-27T19:04:25.394927+00:00,365.556571,open,rgb,,,350,700,,0.258778409,54.2208,4.071361542,4.062490940,1.649857521
2026-07-27T19:04:26.395030+00:00,366.556694,open,rgb,,,351,700,,0.258693182,54.2177,4.071565151,4.062497139,1.649428487
2026-07-27T19:04:27.395182+00:00,367.556825,open,rgb,,,352,700,,0.258721591,54.2607,4.071525097,4.062643051,1.650117278
2026-07-27T19:04:28.395284+00:00,368.556942,open,rgb,,,353,700,,0.258806818,54.2946,4.071601868,4.062614441,1.650087953
2026-07-27T19:04:29.395451+00:00,369.557064,open,rgb,,,354,700,,0.258664773,54.3099,4.071670055,4.062657833,1.649949312
2026-07-27T19:04:30.395565+00:00,370.557189,open,rgb,,,355,700,,0.258750000,54.2607,4.071733952,4.062665939,1.649899006
2026-07-27T19:04:31.395849+00:00,371.557427,open,rgb,,,356,700,,0.258750000,54.1962,4.071616173,4.062605381,1.649758577
2026-07-27T19:04:32.395890+00:00,372.557553,open,rgb,,,357,700,,0.258721591,54.2146,4.071565628,4.062578201,1.649900913
2026-07-27T19:04:33.395947+00:00,373.557678,open,rgb,,,358,700,,0.258750000,54.2792,4.071702480,4.062713623,1.650032759
2026-07-27T19:04:34.396179+00:00,374.557801,open,rgb,,,359,700,,0.258835227,54.3376,4.071713448,4.062640667,1.650126100
2026-07-27T19:04:35.396322+00:00,375.557925,open,rgb,,,360,700,,0.258721591,54.3407,4.071654320,4.062693119,1.650017619
2026-07-27T19:04:36.396414+00:00,376.558070,open,rgb,,,361,700,,0.258778409,54.3746,4.071826458,4.062887669,1.649857044
2026-07-27T19:04:37.396626+00:00,377.558199,open,rgb,,,362,700,,0.258806818,54.3962,4.072060108,4.062880516,1.649792075
2026-07-27T19:04:38.396697+00:00,378.558328,open,rgb,,,363,700,,0.258778409,54.4270,4.071658134,4.062729836,1.649987340
2026-07-27T19:04:39.396845+00:00,379.558450,open,rgb,,,364,700,,0.258750000,54.4610,4.071614265,4.062775612,1.649935126
2026-07-27T19:04:40.396945+00:00,380.558568,open,rgb,,,365,700,,0.258835227,54.4733,4.071709156,4.062757492,1.650186658
2026-07-27T19:04:41.397114+00:00,381.558690,open,rgb,,,366,700,,0.258863636,54.5011,4.071630955,4.062769890,1.650185585
2026-07-27T19:04:42.397107+00:00,382.558805,open,rgb,,,367,700,,0.258750000,54.5165,4.071751595,4.062825203,1.649533510
2026-07-27T19:04:43.397380+00:00,383.558935,open,rgb,,,368,700,,0.258750000,54.5444,4.071907997,4.063015461,1.649843574
2026-07-27T19:04:44.397490+00:00,384.559063,open,rgb,,,369,700,,0.258778409,54.5598,4.071891308,4.062819958,1.649924397
2026-07-27T19:04:45.397621+00:00,385.559189,open,rgb,,,370,700,,0.258835227,54.5722,4.071835995,4.062894344,1.650058866
2026-07-27T19:04:46.397617+00:00,386.559308,open,rgb,,,371,700,,0.258750000,54.6062,4.071798801,4.062857151,1.650040627
2026-07-27T19:04:47.397748+00:00,387.559416,open,rgb,,,372,700,,0.258835227,54.6310,4.071931362,4.063020706,1.650199771
2026-07-27T19:04:48.398014+00:00,388.559543,open,rgb,,,373,700,,0.258806818,54.6496,4.072085381,4.063120365,1.650088906
2026-07-27T19:04:49.398060+00:00,389.559688,open,rgb,,,374,700,,0.258778409,54.6651,4.072033882,4.063046455,1.650198579
2026-07-27T19:04:50.398169+00:00,390.559811,open,rgb,,,375,700,,0.258778409,54.6713,4.072155476,4.063178062,1.649940968
2026-07-27T19:04:51.398270+00:00,391.559930,open,rgb,,,376,700,,0.258693182,54.6868,4.072065830,4.062952995,1.649910927
2026-07-27T19:04:52.398356+00:00,392.560048,open,rgb,,,377,700,,0.258778409,54.7116,4.072060585,4.063100815,1.649904370
2026-07-27T19:04:53.398612+00:00,393.560174,open,rgb,,,378,700,,0.258778409,54.7427,4.072037220,4.063127518,1.650138259
2026-07-27T19:04:54.398718+00:00,394.560296,open,rgb,,,379,700,,0.258778409,54.7644,4.072160721,4.063237190,1.650114536
2026-07-27T19:04:55.398772+00:00,395.560417,open,rgb,,,380,700,,0.258806818,54.7303,4.072321892,4.063360214,1.650024056
2026-07-27T19:04:56.398855+00:00,396.560542,open,rgb,,,381,700,,0.258806818,54.7893,4.072350979,4.063326359,1.649879932
2026-07-27T19:04:57.399075+00:00,397.560665,open,rgb,,,382,700,,0.258806818,54.8172,4.072365284,4.063301563,1.649845481
2026-07-27T19:04:58.399325+00:00,398.560793,open,rgb,,,383,700,,0.258835227,54.8266,4.072126389,4.063196659,1.650114536
2026-07-27T19:04:59.399261+00:00,399.560918,open,rgb,,,384,700,,0.258778409,54.8484,4.072222710,4.063275337,1.649854541
2026-07-27T19:05:00.399427+00:00,400.561045,open,rgb,,,385,700,,0.258750000,54.8764,4.072268009,4.063370705,1.650014997
2026-07-27T19:05:01.399538+00:00,401.561165,open,rgb,,,386,700,,0.258778409,54.9075,4.072484493,4.063537121,1.649905324
2026-07-27T19:05:02.399617+00:00,402.561288,open,rgb,,,387,700,,0.258750000,54.8733,4.072522640,4.063575745,1.649141669
2026-07-27T19:05:03.399898+00:00,403.561412,open,rgb,,,388,700,,0.258607955,54.8639,4.072475433,4.063541412,1.649315238
2026-07-27T19:05:04.399937+00:00,404.561540,open,rgb,,,389,700,,0.258835227,54.9169,4.072572708,4.063402176,1.649767160
2026-07-27T19:05:05.400104+00:00,405.561669,open,rgb,,,390,700,,0.258750000,54.9418,4.072365284,4.063405514,1.649744511
2026-07-27T19:05:06.400191+00:00,406.561787,open,rgb,,,391,700,,0.258806818,54.9605,4.072477818,4.063515186,1.649811864
2026-07-27T19:05:07.400191+00:00,407.561907,open,rgb,,,392,700,,0.258835227,54.9886,4.072434902,4.063467026,1.650079370
2026-07-27T19:05:08.400400+00:00,408.562030,open,rgb,,,393,700,,0.258806818,55.0229,4.072434902,4.063588142,1.650098205
2026-07-27T19:05:09.400572+00:00,409.562155,open,rgb,,,394,700,,0.258778409,55.0198,4.072443962,4.063669682,1.650072336
2026-07-27T19:05:10.400669+00:00,410.562299,open,rgb,,,395,700,,0.258835227,55.0292,4.072525024,4.063657284,1.650041342
2026-07-27T19:05:11.400704+00:00,411.562416,open,rgb,,,396,700,,0.258778409,54.8795,4.072526932,4.063527107,1.649964929
2026-07-27T19:05:12.400867+00:00,412.562536,open,rgb,,,397,700,,0.258721591,54.9980,4.072455406,4.063623428,1.649861455
2026-07-27T19:05:13.401021+00:00,413.562654,open,rgb,,,398,700,,0.258806818,55.0417,4.072710037,4.063764572,1.650140166
2026-07-27T19:05:14.401041+00:00,414.562780,open,rgb,,,399,700,,0.258835227,55.1011,4.072576046,4.063712120,1.650148988
2026-07-27T19:05:15.401090+00:00,415.562878,open,rgb,,,400,700,,0.258778409,55.0792,4.072660446,4.063761711,1.649994731
2026-07-27T19:05:16.401350+00:00,416.562998,open,rgb,,,401,700,,0.258750000,55.1136,4.072772026,4.063835621,1.649942517
2026-07-27T19:05:17.401403+00:00,417.563120,open,rgb,,,402,700,,0.258806818,55.1480,4.072687149,4.063709259,1.650021553
2026-07-27T19:05:18.401550+00:00,418.563240,open,rgb,,,403,700,,0.258721591,55.1606,4.072634697,4.063640594,1.649894357
2026-07-27T19:05:19.401776+00:00,419.563369,open,rgb,,,404,700,,0.258750000,55.1762,4.072513580,4.063677788,1.649940014
2026-07-27T19:05:20.401880+00:00,420.563495,open,rgb,,,405,700,,0.258835227,55.1668,4.072619438,4.063709259,1.650299191
2026-07-27T19:05:21.401895+00:00,421.563617,open,rgb,,,406,700,,0.258835227,55.2044,4.072712898,4.063697815,1.650186062
2026-07-27T19:05:22.402105+00:00,422.563755,open,rgb,,,407,700,,0.258778409,55.2233,4.072834969,4.063883781,1.649945378
2026-07-27T19:05:23.402150+00:00,423.563875,open,rgb,,,408,700,,0.258835227,55.2421,4.072823048,4.063969612,1.649834752
2026-07-27T19:05:24.402451+00:00,424.564005,open,rgb,,,409,700,,0.258693182,55.2233,4.072834969,4.063838005,1.649325967
2026-07-27T19:05:25.402554+00:00,425.564133,open,rgb,,,410,700,,0.258750000,55.2515,4.072738647,4.063829899,1.649681687
2026-07-27T19:05:26.402605+00:00,426.564259,open,rgb,,,411,700,,0.258693182,55.2735,4.072702408,4.063792706,1.649895310
2026-07-27T19:05:27.402786+00:00,427.564383,open,rgb,,,412,700,,0.258721591,55.2201,4.072853088,4.063982010,1.650156140
2026-07-27T19:05:28.402876+00:00,428.564506,open,rgb,,,413,700,,0.258750000,55.2766,4.072919846,4.063962936,1.650108457
2026-07-27T19:05:29.403018+00:00,429.564622,open,rgb,,,414,700,,0.258778409,55.3206,4.072906494,4.063974857,1.650105834
2026-07-27T19:05:30.403145+00:00,430.564750,open,rgb,,,415,700,,0.258806818,55.3520,4.073048115,4.064106464,1.649883866
2026-07-27T19:05:31.403173+00:00,431.564865,open,rgb,,,416,700,,0.258721591,55.3426,4.073009968,4.063886642,1.649794698
2026-07-27T19:05:32.403291+00:00,432.564986,open,rgb,,,417,700,,0.258778409,55.3835,4.072870731,4.063986301,1.649876356
2026-07-27T19:05:33.403449+00:00,433.565109,open,rgb,,,418,700,,0.258835227,55.3835,4.072942734,4.064041615,1.649951458
2026-07-27T19:05:34.403590+00:00,434.565227,open,rgb,,,419,700,,0.258721591,55.4024,4.072972298,4.064054012,1.650074005
2026-07-27T19:05:35.403811+00:00,435.565356,open,rgb,,,420,700,,0.258806818,55.4181,4.073045731,4.064114571,1.650086761
2026-07-27T19:05:36.403863+00:00,436.565478,open,rgb,,,421,700,,0.258835227,55.4465,4.073131561,4.064222336,1.649950743
2026-07-27T19:05:37.404000+00:00,437.565598,open,rgb,,,422,700,,0.258750000,55.4717,4.073115349,4.064213276,1.649890661
2026-07-27T19:05:38.404050+00:00,438.565722,open,rgb,,,423,700,,0.258721591,55.4811,4.073125839,4.064125061,1.649386764
2026-07-27T19:05:39.404182+00:00,439.565845,open,rgb,,,424,700,,0.258778409,55.5064,4.073086739,4.064201355,1.649820924
2026-07-27T19:05:40.404432+00:00,440.565971,open,rgb,,,425,700,,0.258693182,55.5285,4.073208809,4.064263344,1.649998665
2026-07-27T19:05:41.404434+00:00,441.566091,open,rgb,,,426,700,,0.258721591,55.5569,4.073165417,4.064204693,1.650136590
2026-07-27T19:05:42.404612+00:00,442.566210,open,rgb,,,427,700,,0.258750000,55.5664,4.073235512,4.064373016,1.649922252
2026-07-27T19:05:43.404691+00:00,443.566326,open,rgb,,,428,700,,0.258778409,55.5759,4.073228359,4.064377308,1.649995685
2026-07-27T19:05:44.404784+00:00,444.566451,open,rgb,,,429,700,,0.258750000,55.5853,4.073332310,4.064259052,1.649872422
2026-07-27T19:05:45.405114+00:00,445.566571,open,rgb,,,430,700,,0.258664773,55.6011,4.073206902,4.064348221,1.649364591
2026-07-27T19:05:46.405156+00:00,446.566694,open,rgb,,,431,700,,0.258721591,55.6328,4.073118210,4.064266205,1.649945378
2026-07-27T19:05:47.405079+00:00,447.566818,open,rgb,,,432,700,,0.258778409,55.6454,4.073234558,4.064377308,1.650153637
2026-07-27T19:05:48.405218+00:00,448.566935,open,rgb,,,433,700,,0.258892045,55.6676,4.073261261,4.064417362,1.650071144
2026-07-27T19:05:49.405422+00:00,449.567059,open,rgb,,,434,700,,0.258778409,55.6644,4.073558807,4.064653873,1.649996638
2026-07-27T19:05:50.405530+00:00,450.567191,open,rgb,,,435,700,,0.258750000,55.6834,4.073374271,4.064520359,1.649919271
2026-07-27T19:05:51.405665+00:00,451.567314,open,rgb,,,436,700,,0.258750000,55.6961,4.073326111,4.064305305,1.650007129
2026-07-27T19:05:52.405667+00:00,452.567431,open,rgb,,,437,700,,0.258778409,55.7119,4.073230267,4.064376831,1.649826527
2026-07-27T19:05:53.405872+00:00,453.567547,open,rgb,,,438,700,,0.258778409,55.7341,4.073462009,4.064617634,1.649853587
2026-07-27T19:05:54.405999+00:00,454.567668,open,rgb,,,439,700,,0.258778409,55.7658,4.073399544,4.064547062,1.650048852
2026-07-27T19:05:55.406063+00:00,455.567785,open,rgb,,,440,700,,0.258863636,55.7627,4.073412895,4.064573288,1.649992228
2026-07-27T19:05:56.406211+00:00,456.567911,open,rgb,,,441,700,,0.258806818,55.7976,4.073539257,4.064602852,1.649991989
2026-07-27T19:05:57.406341+00:00,457.568031,open,rgb,,,442,700,,0.258806818,55.8071,4.073524952,4.064684868,1.650014758
2026-07-27T19:05:58.406520+00:00,458.568150,open,rgb,,,443,700,,0.258778409,55.8134,4.073460579,4.064475060,1.650028348
2026-07-27T19:05:59.406619+00:00,459.568289,open,rgb,,,444,700,,0.258806818,55.8420,4.073406219,4.064580917,1.649902463
2026-07-27T19:06:00.406745+00:00,460.568414,open,rgb,,,445,700,,0.258750000,55.8548,4.073378563,4.064672470,1.650196910
2026-07-27T19:06:01.406740+00:00,461.568531,open,rgb,,,446,700,,0.258835227,55.8770,4.073617935,4.064677238,1.650074244
2026-07-27T19:06:02.407073+00:00,462.568652,open,rgb,,,447,700,,0.258806818,55.8993,4.073583126,4.064731121,1.650154591
2026-07-27T19:06:03.407153+00:00,463.568773,open,rgb,,,448,700,,0.258806818,55.9247,4.073591709,4.064784527,1.649967313
2026-07-27T19:06:04.407310+00:00,464.568897,open,rgb,,,449,700,,0.258750000,55.9375,4.073657036,4.064760208,1.649924397
2026-07-27T19:06:05.407318+00:00,465.569015,open,rgb,,,450,700,,0.258693182,55.9247,4.073503494,4.064694881,1.649783969
2026-07-27T19:06:06.407363+00:00,466.569135,open,rgb,,,451,700,,0.258778409,55.9470,4.073491573,4.064694881,1.649902701
2026-07-27T19:06:07.407617+00:00,467.569281,open,rgb,,,452,700,,0.258750000,55.9725,4.073521614,4.064794540,1.650262475
2026-07-27T19:06:08.407670+00:00,468.569405,open,rgb,,,453,700,,0.258778409,56.0108,4.073699951,4.064915657,1.650026202
2026-07-27T19:06:09.407817+00:00,469.569530,open,rgb,,,454,700,,0.258778409,56.0267,4.073737621,4.064886093,1.650051594
2026-07-27T19:06:10.407960+00:00,470.569653,open,rgb,,,455,700,,0.258778409,56.0363,4.073880672,4.064988136,1.649831653
2026-07-27T19:06:11.407996+00:00,471.569785,open,rgb,,,456,700,,0.258835227,56.0363,4.073771954,4.064703465,1.650035024
2026-07-27T19:06:12.408302+00:00,472.569912,open,rgb,,,457,700,,0.258806818,56.0586,4.073766232,4.064922333,1.650084496
2026-07-27T19:06:13.408327+00:00,473.570029,open,rgb,,,458,700,,0.258721591,56.0618,4.073831558,4.065006256,1.649818182
2026-07-27T19:06:14.408452+00:00,474.570149,open,rgb,,,459,700,,0.258664773,56.0682,4.073860168,4.065004826,1.649809837
2026-07-27T19:06:15.408447+00:00,475.570263,open,rgb,,,460,700,,0.258806818,56.0650,4.073752880,4.064952850,1.650230289
2026-07-27T19:06:16.408628+00:00,476.570377,open,rgb,,,461,700,,0.258750000,56.0682,4.073978424,4.065133572,1.649944901
2026-07-27T19:06:17.408716+00:00,477.570505,open,rgb,,,462,700,,0.258750000,56.1002,4.073997021,4.065139294,1.649938822
2026-07-27T19:06:18.409150+00:00,478.570630,open,rgb,,,463,700,,0.258636364,56.1002,4.073945999,4.065015793,1.649807692
2026-07-27T19:06:19.409110+00:00,479.570750,open,rgb,,,464,700,,0.258721591,56.1353,4.073912621,4.065052032,1.649930477
2026-07-27T19:06:20.409157+00:00,480.570869,open,rgb,,,465,700,,0.258750000,56.1513,4.073920727,4.065050602,1.650019884
2026-07-27T19:06:21.409364+00:00,481.570969,open,rgb,,,466,700,,0.258721591,56.1769,4.073935032,4.065180779,1.650036454
2026-07-27T19:06:22.409492+00:00,482.571100,open,rgb,,,467,700,,0.258806818,56.1929,4.073970318,4.065113068,1.650164843
2026-07-27T19:06:23.409581+00:00,483.571217,open,rgb,,,468,700,,0.258806818,56.1993,4.074074745,4.065266609,1.650016189
2026-07-27T19:06:24.409691+00:00,484.571341,open,rgb,,,469,700,,0.258750000,56.1801,4.074117661,4.065181732,1.649956584
2026-07-27T19:06:25.409802+00:00,485.571459,open,rgb,,,470,700,,0.258750000,56.2153,4.074122906,4.065091133,1.649440050
2026-07-27T19:06:26.409898+00:00,486.571602,open,rgb,,,471,700,,0.258863636,56.2217,4.073884964,4.065060139,1.650010109
2026-07-27T19:06:27.409982+00:00,487.571723,open,rgb,,,472,700,,0.258693182,56.2249,4.074049950,4.065210342,1.650083542
2026-07-27T19:06:28.410193+00:00,488.571846,open,rgb,,,473,700,,0.258806818,56.2538,4.074112892,4.065275192,1.650037646
2026-07-27T19:06:29.410174+00:00,489.571970,open,rgb,,,474,700,,0.258806818,56.1673,4.074177265,4.065337658,1.649983287
2026-07-27T19:06:30.410475+00:00,490.572093,open,rgb,,,475,700,,0.258778409,56.2346,4.074234486,4.065404892,1.649889469
2026-07-27T19:06:31.410580+00:00,491.572198,open,rgb,,,476,700,,0.258778409,56.2698,4.074368000,4.065204620,1.649752975
2026-07-27T19:06:32.410738+00:00,492.572331,open,rgb,,,477,700,,0.258778409,56.2891,4.074025631,4.065225601,1.649861217
2026-07-27T19:06:33.410979+00:00,493.572455,open,rgb,,,478,700,,0.258750000,56.3115,4.074100494,4.065325260,1.649846554
2026-07-27T19:06:34.410948+00:00,494.572576,open,rgb,,,479,700,,0.258693182,56.3212,4.074161053,4.065347195,1.650145531
2026-07-27T19:06:35.410904+00:00,495.572694,open,rgb,,,480,700,,0.258806818,56.3404,4.074307919,4.065506458,1.649905801
2026-07-27T19:06:36.411147+00:00,496.572811,open,rgb,,,481,700,,0.258806818,56.3533,4.074189186,4.065628529,1.649980068
2026-07-27T19:06:37.411117+00:00,497.572931,open,rgb,,,482,700,,0.258778409,56.3726,4.074221611,4.065437317,1.650043964
2026-07-27T19:06:38.411417+00:00,498.573054,open,rgb,,,483,700,,0.258835227,56.3597,4.074207306,4.065262318,1.650055289
2026-07-27T19:06:39.411570+00:00,499.573177,open,rgb,,,484,700,,0.258721591,56.3661,4.074207783,4.065332890,1.649904370
2026-07-27T19:06:40.411627+00:00,500.573294,open,rgb,,,485,700,,0.258863636,56.3951,4.074197292,4.065399647,1.650100708
2026-07-27T19:06:41.411765+00:00,501.573414,open,rgb,,,486,700,,0.258750000,56.4272,4.074281216,4.065363407,1.650136828
2026-07-27T19:06:42.411860+00:00,502.573531,open,rgb,,,487,700,,0.258863636,56.4337,4.074275017,4.065438271,1.650125623
2026-07-27T19:06:43.412183+00:00,503.573662,open,rgb,,,488,700,,0.258835227,56.4305,4.074402332,4.065629005,1.649977088
2026-07-27T19:06:44.412167+00:00,504.573787,open,rgb,,,489,700,,0.258721591,56.4530,4.074326515,4.065513134,1.650090218
2026-07-27T19:06:45.412293+00:00,505.573915,open,rgb,,,490,700,,0.258835227,56.4079,4.074292660,4.065521717,1.649880409
2026-07-27T19:06:46.412354+00:00,506.574030,open,rgb,,,491,700,,0.258778409,56.4401,4.074265957,4.065474987,1.649827480
2026-07-27T19:06:47.412500+00:00,507.574149,open,rgb,,,492,700,,0.258778409,56.4498,4.074295998,4.065463066,1.650161505
2026-07-27T19:06:48.412665+00:00,508.574271,open,rgb,,,493,700,,0.258863636,56.4916,4.074441910,4.065569878,1.650077462
2026-07-27T19:06:49.412759+00:00,509.574402,open,rgb,,,494,700,,0.258750000,56.5110,4.074461937,4.065687180,1.649938345
2026-07-27T19:06:50.412844+00:00,510.574526,open,rgb,,,495,700,,0.258664773,56.5142,4.074523449,4.065690994,1.649575472
2026-07-27T19:06:51.413033+00:00,511.574647,open,rgb,,,496,700,,0.258778409,56.5206,4.074546337,4.065518856,1.649805307
2026-07-27T19:06:52.413162+00:00,512.574768,open,rgb,,,497,700,,0.258835227,56.5432,4.074361801,4.065517426,1.649798155
2026-07-27T19:06:53.413433+00:00,513.574897,open,rgb,,,498,700,,0.258721591,56.5690,4.074458599,4.065611362,1.649823785
2026-07-27T19:06:54.413409+00:00,514.575030,open,rgb,,,499,700,,0.258750000,56.5787,4.074444294,4.065647125,1.650208592
2026-07-27T19:06:55.413542+00:00,515.575149,open,rgb,,,500,700,,0.258835227,56.6078,4.074470520,4.065689564,1.650092125
2026-07-27T19:06:56.413585+00:00,516.575271,open,rgb,,,501,700,,0.258778409,56.6175,4.074520588,4.065742016,1.649961233
2026-07-27T19:06:57.413660+00:00,517.575390,open,rgb,,,502,700,,0.258778409,56.6272,4.074689388,4.065872669,1.649900198
2026-07-27T19:06:58.413885+00:00,518.575505,open,rgb,,,503,700,,0.258750000,56.6433,4.074602604,4.065642357,1.649899960
2026-07-27T19:06:59.414056+00:00,519.575632,open,rgb,,,504,700,,0.258778409,56.6207,4.074460030,4.065581322,1.649818659
2026-07-27T19:07:00.414163+00:00,520.575764,open,rgb,,,505,700,,0.258806818,56.6530,4.074606419,4.065773964,1.650012732
2026-07-27T19:07:01.414184+00:00,521.575884,open,rgb,,,506,700,,0.258835227,56.6886,4.074687004,4.065768242,1.649552822
2026-07-27T19:07:02.414488+00:00,522.576009,open,rgb,,,507,700,,0.258750000,56.6886,4.074604988,4.065789223,1.650132656
2026-07-27T19:07:03.414478+00:00,523.576131,open,rgb,,,508,700,,0.258778409,56.6983,4.074693203,4.065896034,1.649906516
2026-07-27T19:07:04.414694+00:00,524.576260,open,rgb,,,509,700,,0.258778409,56.7016,4.074621677,4.065841198,1.650021315
2026-07-27T19:07:05.414752+00:00,525.576382,open,rgb,,,510,700,,0.258750000,56.7113,4.074552536,4.065696716,1.649803519
2026-07-27T19:07:06.414841+00:00,526.576501,open,rgb,,,511,700,,0.258835227,56.7307,4.074668884,4.065787315,1.649847031
2026-07-27T19:07:07.414961+00:00,527.576623,open,rgb,,,512,700,,0.258693182,56.7599,4.074648857,4.065789223,1.650279164
2026-07-27T19:07:08.415128+00:00,528.576747,open,rgb,,,513,700,,0.258721591,56.7663,4.074785233,4.065966606,1.650039673
2026-07-27T19:07:09.415245+00:00,529.576876,open,rgb,,,514,700,,0.258778409,56.7890,4.074836731,4.065977573,1.650000572
2026-07-27T19:07:10.415421+00:00,530.577022,open,rgb,,,515,700,,0.258750000,56.7988,4.074814320,4.066044331,1.649897337
2026-07-27T19:07:11.415485+00:00,531.577145,open,rgb,,,516,700,,0.258721591,56.7858,4.074881554,4.065865993,1.649777412
2026-07-27T19:07:12.415624+00:00,532.577290,open,rgb,,,517,700,,0.258778409,56.7955,4.074968338,4.066081524,1.649731994
2026-07-27T19:07:13.415727+00:00,533.577405,open,rgb,,,518,700,,0.258750000,56.7988,4.074733734,4.065905571,1.649862409
2026-07-27T19:07:14.415929+00:00,534.577526,open,rgb,,,519,700,,0.258750000,56.8053,4.074787140,4.066045761,1.649927616
2026-07-27T19:07:15.416080+00:00,535.577659,open,rgb,,,520,700,,0.258750000,56.8312,4.074765205,4.066006660,1.650076747
2026-07-27T19:07:16.416087+00:00,536.577777,open,rgb,,,521,700,,0.258892045,56.8442,4.074873924,4.066042423,1.650004506
2026-07-27T19:07:17.416248+00:00,537.577897,open,rgb,,,522,700,,0.258721591,56.8474,4.074958324,4.066130638,1.649894834
2026-07-27T19:07:18.416356+00:00,538.578019,open,rgb,,,523,700,,0.258693182,56.8637,4.074907780,4.066001415,1.649806023
2026-07-27T19:07:19.416488+00:00,539.578136,open,rgb,,,524,700,,0.258778409,56.8799,4.074845791,4.066030502,1.649802089
2026-07-27T19:07:20.416682+00:00,540.578264,open,rgb,,,525,700,,0.258806818,56.8864,4.074863911,4.066109657,1.650043488
2026-07-27T19:07:21.416684+00:00,541.578385,open,rgb,,,526,700,,0.258806818,56.9027,4.074949741,4.066137791,1.649989843
2026-07-27T19:07:22.416831+00:00,542.578502,open,rgb,,,527,700,,0.258750000,56.9124,4.074910641,4.066132069,1.650097489
2026-07-27T19:07:23.416908+00:00,543.578622,open,rgb,,,528,700,,0.258892045,56.9092,4.074967384,4.066177845,1.650145531
2026-07-27T19:07:24.417022+00:00,544.578740,open,rgb,,,529,700,,0.258750000,56.9222,4.075078487,4.066191196,1.649960756
2026-07-27T19:07:25.417324+00:00,545.578869,open,rgb,,,530,700,,0.258835227,56.9319,4.074971199,4.066113949,1.649886608
2026-07-27T19:07:26.417365+00:00,546.578993,open,rgb,,,531,700,,0.258693182,56.9287,4.074967384,4.066150188,1.649696350
2026-07-27T19:07:27.417402+00:00,547.579109,open,rgb,,,532,700,,0.258806818,56.9027,4.075047493,4.066276073,1.650056958
2026-07-27T19:07:28.417568+00:00,548.579222,open,rgb,,,533,700,,0.258806818,56.8929,4.074981213,4.066133022,1.650167584
2026-07-27T19:07:29.417686+00:00,549.579345,open,rgb,,,534,700,,0.258778409,56.9547,4.075032234,4.066299915,1.650029898
2026-07-27T19:07:30.417846+00:00,550.579466,open,rgb,,,535,700,,0.258806818,56.9743,4.075138569,4.066235065,1.649964452
2026-07-27T19:07:31.418047+00:00,551.579616,open,rgb,,,536,700,,0.258778409,56.9905,4.075118542,4.066117287,1.650001287
2026-07-27T19:07:32.418092+00:00,552.579741,open,rgb,,,537,700,,0.258778409,56.9612,4.074990749,4.066162586,1.649836302
2026-07-27T19:07:33.418149+00:00,553.579863,open,rgb,,,538,700,,0.258750000,57.0003,4.074981689,4.066185474,1.650092840
2026-07-27T19:07:34.418799+00:00,554.579985,open,rgb,,,539,700,,0.258721591,57.0199,4.075049400,4.066278458,1.650103331
2026-07-27T19:07:35.418522+00:00,555.580115,open,rgb,,,540,700,,0.258778409,57.0459,4.075060368,4.066256523,1.650021553
2026-07-27T19:07:36.418663+00:00,556.580244,open,rgb,,,541,700,,0.258863636,57.0590,4.075166702,4.066346169,1.650033474
2026-07-27T19:07:37.418712+00:00,557.580368,open,rgb,,,542,700,,0.258778409,57.0427,4.075238228,4.066395283,1.649271131
2026-07-27T19:07:38.418882+00:00,558.580490,open,rgb,,,543,700,,0.258778409,57.0590,4.075242996,4.066292286,1.649741769
2026-07-27T19:07:39.418936+00:00,559.580603,open,rgb,,,544,700,,0.258750000,57.0622,4.075173378,4.066391468,1.649837494
2026-07-27T19:07:40.419040+00:00,560.580720,open,rgb,,,545,700,,0.258721591,56.9059,4.075045109,4.066266060,1.650110245
2026-07-27T19:07:41.419445+00:00,561.580845,open,rgb,,,546,700,,0.258863636,57.0394,4.075247765,4.066301823,1.650082111
2026-07-27T19:07:42.419417+00:00,562.580964,open,rgb,,,547,700,,0.258778409,57.0916,4.075170994,4.066339016,1.650128484
2026-07-27T19:07:43.419394+00:00,563.581079,open,rgb,,,548,700,,0.258750000,57.0916,4.075146198,4.066384315,1.650111675
2026-07-27T19:07:44.419648+00:00,564.581209,open,rgb,,,549,700,,0.258835227,57.0590,4.075181961,4.066405296,1.649919987
2026-07-27T19:07:45.419641+00:00,565.581333,open,rgb,,,550,700,,0.258750000,57.0818,4.075085163,4.066315651,1.649754286
2026-07-27T19:07:46.420022+00:00,566.581472,open,rgb,,,551,700,,0.258750000,57.0949,4.075170040,4.066271305,1.649835587
2026-07-27T19:07:47.419999+00:00,567.581597,open,rgb,,,552,700,,0.258664773,57.1177,4.075213432,4.066462040,1.650110483
2026-07-27T19:07:48.420052+00:00,568.581722,open,rgb,,,553,700,,0.258778409,57.1373,4.075538635,4.066740513,1.649875998
2026-07-27T19:07:49.420199+00:00,569.581842,open,rgb,,,554,700,,0.258806818,57.1602,4.075317860,4.066508293,1.649957895
2026-07-27T19:07:50.420350+00:00,570.581966,open,rgb,,,555,700,,0.258721591,57.1831,4.075261593,4.066531658,1.650123835
2026-07-27T19:07:51.420453+00:00,571.582064,open,rgb,,,556,700,,0.258806818,57.1896,4.075421810,4.066478729,1.649861455
2026-07-27T19:07:52.420589+00:00,572.582192,open,rgb,,,557,700,,0.258750000,57.1766,4.075231552,4.066384315,1.649965167
2026-07-27T19:07:53.420659+00:00,573.582309,open,rgb,,,558,700,,0.258721591,57.2027,4.075199127,4.066479683,1.649957299
2026-07-27T19:07:54.420760+00:00,574.582428,open,rgb,,,559,700,,0.258750000,57.2125,4.075311661,4.066525459,1.650209308
2026-07-27T19:07:55.420842+00:00,575.582547,open,rgb,,,560,700,,0.258778409,57.2093,4.075361252,4.066617012,1.650142670
2026-07-27T19:07:56.421033+00:00,576.582670,open,rgb,,,561,700,,0.258778409,57.2027,4.075396538,4.066636562,1.650044799
2026-07-27T19:07:57.421107+00:00,577.582794,open,rgb,,,562,700,,0.258778409,57.2027,4.075437069,4.066678047,1.649957299
2026-07-27T19:07:58.421154+00:00,578.582905,open,rgb,,,563,700,,0.258778409,57.1831,4.075403690,4.066514969,1.649934411
2026-07-27T19:07:59.421321+00:00,579.583019,open,rgb,,,564,700,,0.258778409,57.1831,4.075226307,4.066483498,1.649909019
2026-07-27T19:08:00.421426+00:00,580.583150,open,rgb,,,565,700,,0.258750000,57.2125,4.075375080,4.066544056,1.650084019
2026-07-27T19:08:01.421537+00:00,581.583267,open,rgb,,,566,700,,0.258750000,57.2551,4.075266838,4.066567898,1.650311589
2026-07-27T19:08:02.421640+00:00,582.583396,open,rgb,,,567,700,,0.258750000,57.2617,4.075414658,4.066668034,1.650016427
2026-07-27T19:08:03.421820+00:00,583.583514,open,rgb,,,568,700,,0.258664773,57.2682,4.075524330,4.066763401,1.649812579
2026-07-27T19:08:04.421857+00:00,584.583638,open,rgb,,,569,700,,0.258806818,57.2780,4.075499535,4.066592693,1.649913430
2026-07-27T19:08:05.422095+00:00,585.583758,open,rgb,,,570,700,,0.258664773,57.2813,4.075304031,4.066485405,1.649673939
2026-07-27T19:08:06.422115+00:00,586.583869,open,rgb,,,571,700,,0.258750000,57.2977,4.075356007,4.066591740,1.649953008
2026-07-27T19:08:07.422339+00:00,587.583993,open,rgb,,,572,700,,0.258721591,57.3075,4.075393677,4.066568375,1.650226116
2026-07-27T19:08:08.422542+00:00,588.584125,open,rgb,,,573,700,,0.258835227,57.3272,4.075501442,4.066647053,1.650110245
2026-07-27T19:08:09.422550+00:00,589.584240,open,rgb,,,574,700,,0.258778409,57.3404,4.075505257,4.066735268,1.650081158
2026-07-27T19:08:10.422667+00:00,590.584355,open,rgb,,,575,700,,0.258835227,57.3469,4.075560093,4.066787243,1.649979591
2026-07-27T19:08:11.422725+00:00,591.584465,open,rgb,,,576,700,,0.258778409,57.3535,4.075539589,4.066594601,1.649834514
2026-07-27T19:08:12.422815+00:00,592.584573,open,rgb,,,577,700,,0.258778409,57.3469,4.075345993,4.066598415,1.649875045
2026-07-27T19:08:13.422990+00:00,593.584699,open,rgb,,,578,700,,0.258721591,57.3075,4.075330257,4.066664696,1.649420261
2026-07-27T19:08:14.423164+00:00,594.584826,open,rgb,,,579,700,,0.258750000,57.3600,4.075440407,4.066700459,1.650232315
2026-07-27T19:08:15.423195+00:00,595.584949,open,rgb,,,580,700,,0.258835227,57.3502,4.075530529,4.066761971,1.650083303
2026-07-27T19:08:16.423596+00:00,596.585074,open,rgb,,,581,700,,0.258664773,57.3699,4.075660229,4.066906452,1.649479270
2026-07-27T19:08:17.423487+00:00,597.585200,open,rgb,,,582,700,,0.258863636,57.4093,4.075611115,4.066767216,1.650040865
2026-07-27T19:08:18.423617+00:00,598.585331,open,rgb,,,583,700,,0.258721591,57.4192,4.075555325,4.066718102,1.649992943
2026-07-27T19:08:19.423800+00:00,599.585455,open,rgb,,,584,700,,0.258721591,57.4290,4.075498581,4.066754818,1.649819851
2026-07-27T19:08:20.423886+00:00,600.585576,open,rgb,,,585,700,,0.258835227,57.4389,4.075542450,4.066750526,1.650190473
2026-07-27T19:08:21.423973+00:00,601.585705,open,rgb,,,586,700,,0.258892045,57.4619,4.075563431,4.066793442,1.650171280
2026-07-27T19:08:22.424203+00:00,602.585826,open,rgb,,,587,700,,0.258806818,57.4619,4.075685501,4.066958427,1.650098681
2026-07-27T19:08:23.424383+00:00,603.585953,open,rgb,,,588,700,,0.258806818,57.4652,4.075837135,4.067081928,1.649778128
2026-07-27T19:08:24.424447+00:00,604.586074,open,rgb,,,589,700,,0.258863636,57.4685,4.075940132,4.066949844,1.649920940
2026-07-27T19:08:25.424537+00:00,605.586198,open,rgb,,,590,700,,0.258750000,57.4652,4.075594425,4.066882610,1.649690986
2026-07-27T19:08:26.424737+00:00,606.586322,open,rgb,,,591,700,,0.258806818,57.4916,4.075685501,4.066850662,1.649928331
2026-07-27T19:08:27.424785+00:00,607.586445,open,rgb,,,592,700,,0.258863636,57.5047,4.075655460,4.066874504,1.650099874
2026-07-27T19:08:28.425051+00:00,608.586578,open,rgb,,,593,700,,0.258778409,57.4751,4.075747967,4.066911697,1.650119662
2026-07-27T19:08:29.425065+00:00,609.586702,open,rgb,,,594,700,,0.258863636,57.4883,4.075726509,4.066912174,1.650031567
2026-07-27T19:08:30.425203+00:00,610.586827,open,rgb,,,595,700,,0.258778409,57.5014,4.075897694,4.067033768,1.649886012
2026-07-27T19:08:31.425235+00:00,611.586946,open,rgb,,,596,700,,0.258750000,57.5179,4.075703621,4.066731930,1.649843812
2026-07-27T19:08:32.425402+00:00,612.587069,open,rgb,,,597,700,,0.258835227,57.5212,4.075632572,4.066882610,1.650017381
2026-07-27T19:08:33.425588+00:00,613.587192,open,rgb,,,598,700,,0.258693182,57.5179,4.075575352,4.066890717,1.650088906
2026-07-27T19:08:34.425739+00:00,614.587322,open,rgb,,,599,700,,0.258778409,57.4949,4.075719833,4.066965580,1.650153875
2026-07-27T19:08:37.427985+00:00,617.739960,open,dark,,,0,0,,0.000710227,57.2715,4.896904945,4.903557301,1.651283741
2026-07-27T19:08:37.578495+00:00,617.890473,open,dark,,,1,0,,0.000710227,57.1995,4.896922112,4.903588295,1.651405811
2026-07-27T19:08:37.729066+00:00,618.041044,open,dark,,,2,0,,0.000710227,57.0981,4.896934032,4.903574944,1.651090622
2026-07-27T19:08:37.879535+00:00,618.191516,open,dark,,,3,0,,0.000710227,57.0264,4.896931648,4.903579235,1.651187301
2026-07-27T19:08:38.030053+00:00,618.342028,open,dark,,,4,0,,0.000710227,56.9547,4.896935463,4.903584957,1.651465178
2026-07-27T19:08:40.183151+00:00,620.344748,open,rgb,,,600,700,,0.258721591,56.0874,4.073451996,4.064612865,1.650329709
2026-07-27T19:08:41.183157+00:00,621.344868,open,rgb,,,601,700,,0.258778409,56.0459,4.073775291,4.064971924,1.650199294
2026-07-27T19:08:42.183296+00:00,622.344985,open,rgb,,,602,700,,0.258778409,56.0778,4.074061394,4.065155029,1.650090218
2026-07-27T19:08:43.183430+00:00,623.345103,open,rgb,,,603,700,,0.258778409,56.1673,4.074135303,4.065290928,1.650113821
2026-07-27T19:08:44.183630+00:00,624.345231,open,rgb,,,604,700,,0.258778409,56.2314,4.074317455,4.065294266,1.649880409
2026-07-27T19:08:45.183653+00:00,625.345352,open,rgb,,,605,700,,0.258693182,56.2955,4.074193954,4.065325737,1.649806738
2026-07-27T19:08:46.183833+00:00,626.345473,open,rgb,,,606,700,,0.258721591,56.3533,4.074267864,4.065461636,1.649914622
2026-07-27T19:08:47.183966+00:00,627.345593,open,rgb,,,607,700,,0.258778409,56.4111,4.074323654,4.065499783,1.650298715
2026-07-27T19:08:48.184110+00:00,628.345712,open,rgb,,,608,700,,0.258806818,56.4691,4.074493408,4.065705299,1.649917841
2026-07-27T19:08:49.184160+00:00,629.345835,open,rgb,,,609,700,,0.258721591,56.5142,4.074559689,4.065820694,1.649950027
2026-07-27T19:08:50.184384+00:00,630.345963,open,rgb,,,610,700,,0.258806818,56.5723,4.074554920,4.065760612,1.650101185
2026-07-27T19:08:51.184427+00:00,631.346101,open,rgb,,,611,700,,0.258721591,56.5174,4.074621677,4.065641403,1.649790883
2026-07-27T19:08:52.184517+00:00,632.346220,open,rgb,,,612,700,,0.258693182,56.6142,4.074512959,4.065789223,1.649095297
2026-07-27T19:08:53.184639+00:00,633.346337,open,rgb,,,613,700,,0.258750000,56.6789,4.074693680,4.065871239,1.650049448
2026-07-27T19:08:54.184870+00:00,634.346463,open,rgb,,,614,700,,0.258693182,56.7275,4.074718475,4.065907001,1.650187850
2026-07-27T19:08:55.184960+00:00,635.346589,open,rgb,,,615,700,,0.258835227,56.7469,4.074704170,4.065897465,1.650206566
2026-07-27T19:08:56.185065+00:00,636.346717,open,rgb,,,616,700,,0.258778409,56.7825,4.074852467,4.066072464,1.650101900
2026-07-27T19:08:57.185212+00:00,637.346843,open,rgb,,,617,700,,0.258806818,56.8182,4.074841499,4.066013336,1.650010347
2026-07-27T19:08:58.185286+00:00,638.346959,open,rgb,,,618,700,,0.258721591,56.8442,4.074782372,4.066029549,1.649740815
2026-07-27T19:08:59.185427+00:00,639.347080,open,rgb,,,619,700,,0.258664773,56.8734,4.074840069,4.066017151,1.649769068
2026-07-27T19:09:00.185657+00:00,640.347208,open,rgb,,,620,700,,0.258664773,56.8962,4.074932098,4.066148281,1.650035024
2026-07-27T19:09:01.185682+00:00,641.347333,open,rgb,,,621,700,,0.258806818,56.9352,4.074904442,4.066198349,1.650136113
2026-07-27T19:09:02.185821+00:00,642.347460,open,rgb,,,622,700,,0.258721591,56.9515,4.075009346,4.066256523,1.649926543
2026-07-27T19:09:03.185988+00:00,643.347574,open,rgb,,,623,700,,0.258835227,56.9873,4.075294495,4.066544533,1.649863362
2026-07-27T19:09:04.186033+00:00,644.347691,open,rgb,,,624,700,,0.258721591,56.9743,4.075184345,4.066191196,1.649817705
2026-07-27T19:09:05.186365+00:00,645.347838,open,rgb,,,625,700,,0.258778409,56.9938,4.075007915,4.066216946,1.649894118
2026-07-27T19:09:06.186295+00:00,646.347959,open,rgb,,,626,700,,0.258721591,57.0199,4.074981689,4.066176414,1.649946809
2026-07-27T19:09:07.186531+00:00,647.348083,open,rgb,,,627,700,,0.258750000,57.0557,4.075138569,4.066348553,1.650147080
2026-07-27T19:09:08.186666+00:00,648.348205,open,rgb,,,628,700,,0.258806818,57.0851,4.075230598,4.066464901,1.649933696
2026-07-27T19:09:09.186574+00:00,649.348320,open,rgb,,,629,700,,0.258806818,57.1145,4.075215816,4.066434383,1.649973512
2026-07-27T19:09:10.186766+00:00,650.348446,open,rgb,,,630,700,,0.258721591,57.1471,4.075322628,4.066549301,1.649834037
2026-07-27T19:09:11.186968+00:00,651.348570,open,rgb,,,631,700,,0.258750000,57.1766,4.075294018,4.066394806,1.649767160
2026-07-27T19:09:12.186995+00:00,652.348690,open,rgb,,,632,700,,0.258750000,57.1929,4.075122356,4.066361904,1.649806738
2026-07-27T19:09:13.187151+00:00,653.348808,open,rgb,,,633,700,,0.258750000,57.2060,4.075197697,4.066484451,1.650063276
2026-07-27T19:09:14.187296+00:00,654.348932,open,rgb,,,634,700,,0.258750000,57.2256,4.075219154,4.066591740,1.650154829
2026-07-27T19:09:15.187414+00:00,655.349056,open,rgb,,,635,700,,0.258778409,57.2551,4.075345516,4.066533566,1.649961710
2026-07-27T19:09:16.187595+00:00,656.349183,open,rgb,,,636,700,,0.258778409,57.2584,4.075406075,4.066617966,1.650043488
