time_unix,monotonic,press_abs,press_diff,temperature,baro_alt,climb,airspeed,groundspeed
1778194419.211,3094.967,1002.360107421875,0.0,45.73,91.94479370117188,7.813441334292293e-05,0.0,0.00025224563432857394
1778194420.213,3095.970,1002.3575439453125,0.0,45.73,92.29885864257812,-0.0007412799168378115,0.0,0.0006160116754472256
1778194421.216,3096.973,1002.3803100585938,0.0,45.73,91.9262924194336,-0.0002115297975251451,0.0,5.470412361319177e-05
1778194422.219,3097.976,1002.3798217773438,0.0,45.74,91.83909606933594,4.195861947664525e-06,0.0,0.001037298352457583
1778194423.223,3098.979,1002.3822631835938,0.0,45.74,91.9342269897461,0.00021363451378419995,0.0,0.0004025792586617172
1778194424.225,3099.982,1002.3848266601562,0.0,45.74,91.73340606689453,0.0004561870882753283,0.0,0.00040972925489768386
1778194425.228,3100.985,1002.4022216796875,0.0,45.74,91.9262924194336,0.0008538459660485387,0.0,0.00034485451760701835
1778194426.231,3101.988,1002.366943359375,0.0,45.74,92.04520416259766,0.0005985207390040159,0.0,0.0012985358480364084
1778194427.234,3102.991,1002.3969116210938,0.0,45.75,91.80210876464844,0.0014837380731478333,0.0,0.0011674033012241125
1778194428.237,3103.994,1002.3969116210938,0.0,45.75,92.01084899902344,0.0017614758107811213,0.0,0.0006011016666889191
1778194429.241,3104.997,1002.3995971679688,0.0,45.75,92.03199005126953,0.0013314720708876848,0.0,0.0005753753939643502
1778194430.244,3106.001,1002.4067993164062,0.0,45.75,92.01348876953125,0.0016628415323793888,0.0,4.7386733058374375e-05
1778194431.247,3107.004,1002.3717651367188,0.0,45.75,91.9949951171875,0.000684706901665777,0.0,0.00042573316022753716
1778194432.250,3108.007,1002.386474609375,0.0,45.76,91.95272064208984,0.0008331940043717623,0.0,0.0006654554163105786
1778194433.253,3109.009,1002.3766479492188,0.0,45.75,91.8681640625,0.0001655161177041009,0.0,0.0006005435716360807
1778194434.256,3110.013,1002.3840942382812,0.0,45.75,91.7624740600586,0.00018795757205225527,0.0,0.00044275278924033046
1778194435.210,3110.966,1002.3814697265625,0.0,45.76,92.03727722167969,-0.0012590638361871243,0.0,0.0009932654211297631
1778194436.212,3111.969,1002.4015502929688,0.0,45.76,91.98707580566406,0.004346267785876989,0.0,0.02401600405573845
1778194437.215,3112.972,1002.40625,0.0,45.77,92.19316864013672,-0.002062860643491149,0.0,0.011335146613419056
1778194438.219,3113.976,1002.3914794921875,0.0,45.76,92.0610580444336,-0.002330677816644311,0.0,0.02306869812309742
1778194439.222,3114.979,1002.388671875,0.0,45.77,91.96064758300781,0.05085870623588562,0.0,0.05348443612456322
1778194440.225,3115.982,1002.383544921875,0.0,45.77,91.96857452392578,-0.020489402115345,0.0,0.07048898935317993
1778194441.228,3116.985,1002.4012451171875,0.0,45.77,91.90515899658203,-0.002704580780118704,0.0,0.08389099687337875
1778194442.231,3117.987,1002.3911743164062,0.0,45.77,91.68849182128906,-0.004952560178935528,0.0,0.09043805301189423
1778194443.234,3118.990,1002.4085083007812,0.0,45.77,91.66735076904297,-0.004107276909053326,0.0,0.07419057935476303
1778194444.237,3119.993,1002.3861694335938,0.0,45.76,92.0029296875,-0.007395916152745485,0.0,0.10316140204668045
1778194445.239,3120.996,1002.3935546875,0.0,45.77,91.85231018066406,-0.00961359590291977,0.0,0.14375145733356476
1778194446.242,3121.999,1002.3908081054688,0.0,45.77,91.98971557617188,-0.01199757494032383,0.0,0.13972049951553345
1778194447.245,3123.002,1002.3882446289062,0.0,45.77,91.89458465576172,-0.007972483523190022,0.0,0.15796378254890442
1778194448.248,3124.005,1002.36083984375,0.0,45.77,91.9580078125,-0.005233162548393011,0.0,0.17707404494285583
1778194449.251,3125.008,1002.3833618164062,0.0,45.77,91.92365264892578,-0.001456688973121345,0.0,0.014181938022375107
1778194450.254,3126.010,1002.3984985351562,0.0,45.77,92.20638275146484,-0.001343042473308742,0.0,0.004955513868480921
1778194451.256,3127.013,1002.385986328125,0.0,45.77,91.84967041015625,-0.0011159430723637342,0.0,0.0012363797286525369
1778194452.210,3127.966,1002.4210815429688,0.0,45.77,92.02935028076172,-0.0022452909033745527,0.0,0.0008796094334684312
1778194453.213,3128.969,1002.4083251953125,0.0,45.77,91.88401794433594,-0.002588457427918911,0.0,0.00046372940414585173
1778194454.215,3129.972,1002.3956909179688,0.0,45.78,91.86024475097656,-0.001250986591912806,0.0,0.001817548181861639
1778194455.219,3130.975,1002.4183349609375,0.0,45.78,92.06897735595703,-0.001056005130521953,0.0,0.002933381823822856
1778194456.222,3131.978,1002.3907470703125,0.0,45.77,92.0716323852539,6.448714702855796e-05,0.0,0.0013459629844874144
1778194457.225,3132.982,1002.3857421875,0.0,45.77,92.13240051269531,-0.00013838056474924088,0.0,0.0011330829001963139
1778194458.228,3133.985,1002.4135131835938,0.0,45.77,91.68849182128906,-0.0004261332214809954,0.0,0.0007775812409818172
1778194459.231,3134.988,1002.3583374023438,0.0,45.77,92.03462982177734,-0.0008054570644162595,0.0,0.0008737476309761405
1778194460.234,3135.991,1002.39599609375,0.0,45.77,91.94214630126953,0.0002780091599561274,0.0,0.0013246702728793025
1778194461.237,3136.994,1002.403564453125,0.0,45.77,91.96064758300781,8.872303442331031e-05,0.0,0.0008993677911348641
1778194462.240,3137.997,1002.4061279296875,0.0,45.77,92.12711334228516,-0.0008313661674037576,0.0,0.00026561631239019334
1778194463.243,3139.000,1002.3907470703125,0.0,45.77,92.03462982177734,-0.001770964008755982,0.0,0.0006996348965913057
1778194464.248,3140.004,1002.393310546875,0.0,45.77,92.08747100830078,-0.0020134374499320984,0.0,0.0006218653288669884
1778194465.251,3141.007,1002.3832397460938,0.0,45.77,91.9342269897461,-0.0014353818260133266,0.0,0.0006795261288061738
1778194466.254,3142.010,1002.3782348632812,0.0,45.77,91.70170593261719,-0.0012304066913202405,0.0,0.0008068482275120914
1778194467.256,3143.013,1002.4136352539062,0.0,45.77,91.68319702148438,-0.001852585468441248,0.0,0.0010143154067918658
1778194468.209,3143.966,1002.3682861328125,0.0,45.77,91.704345703125,-0.0019028803799301386,0.0,0.0008206705679185688
1778194469.212,3144.968,1002.3833618164062,0.0,45.77,91.9580078125,-0.002091888803988695,0.0,0.001056526554748416
1778194470.215,3145.971,1002.3809814453125,0.0,45.77,91.76775360107422,-0.0015238220803439617,0.0,0.00118681276217103
1778194471.217,3146.974,1002.3906860351562,0.0,45.77,91.84967041015625,-0.0009661971125751734,0.0,0.0008672380936332047
1778194472.220,3147.977,1002.3956909179688,0.0,45.78,91.91573333740234,-0.00027523000608198345,0.0,0.0015764100244268775
1778194473.223,3148.979,1002.373046875,0.0,45.77,92.02142333984375,-0.00036140187876299024,0.0,0.0007947894628159702
1778194474.226,3149.983,1002.4182739257812,0.0,45.78,91.87345123291016,-0.0009532222175039351,0.0,0.0006435945979319513
1778194475.229,3150.986,1002.3955078125,0.0,45.78,91.8919448852539,-0.0009688104619272053,0.0,0.00034540920751169324
1778194476.232,3151.988,1002.3805541992188,0.0,45.77,91.8073959350586,-0.00011635854752967134,0.0,0.0003491597017273307
1778194477.235,3152.991,1002.378173828125,0.0,45.77,91.6012954711914,-0.000284685316728428,0.0,0.0007588535081595182
1778194478.238,3153.994,1002.398193359375,0.0,45.78,92.02142333984375,0.0005179030704312027,0.0,0.0010773526737466455
1778194479.241,3154.997,1002.3833618164062,0.0,45.77,91.85231018066406,4.53084703622153e-06,0.0,0.0009183398797176778
1778194480.244,3156.000,1002.3807373046875,0.0,45.77,91.8100357055664,-0.00016071599384304136,0.0,0.0008836273918859661
1778194481.248,3157.004,1002.3954467773438,0.0,45.78,91.9949951171875,2.9181168429204263e-05,0.0,0.0005483793211169541
1778194482.251,3158.008,1002.3932495117188,0.0,45.77,91.85231018066406,-0.0006674571195617318,0.0,0.0008860661764629185
1778194483.254,3159.010,1002.395751953125,0.0,45.77,92.10597229003906,0.00021623814245685935,0.0,0.0021030388306826353
1778194484.257,3160.013,1002.370361328125,0.0,45.78,91.76775360107422,0.000371132860891521,0.0,0.0006024124450050294
1778194485.209,3160.966,1002.4107666015625,0.0,45.78,91.9368667602539,0.00019377113494556397,0.0,6.53750539640896e-05
1778194486.212,3161.969,1002.3655395507812,0.0,45.77,91.91573333740234,-0.00022621676907874644,0.0,0.0004554988699965179
1778194487.215,3162.971,1002.4030151367188,0.0,45.78,91.82853698730469,0.0005804872489534318,0.0,0.00021402211859822273
1778194488.218,3163.974,1002.3882446289062,0.0,45.77,91.84967041015625,0.00040360025013796985,0.0,0.00023661086743231863
1778194489.221,3164.977,1002.395751953125,0.0,45.77,91.85231018066406,0.0004492787120398134,0.0,0.000807416217867285
1778194490.224,3165.980,1002.373046875,0.0,45.77,91.82853698730469,0.0002050786861218512,0.0,0.00021918475977145135
1778194491.227,3166.984,1002.3905029296875,0.0,45.78,91.53523254394531,0.000759233022108674,0.0,0.00023682265600655228
1778194492.230,3167.987,1002.3856811523438,0.0,45.77,91.95008087158203,-0.0002193194959545508,0.0,0.0001622532872715965
1778194493.233,3168.990,1002.3780517578125,0.0,45.77,91.79154205322266,0.00017613027011975646,0.0,0.0004569368902593851
1778194494.236,3169.993,1002.3955078125,0.0,45.78,91.87609100341797,0.0003902828029822558,0.0,0.0007836325094103813
1778194495.239,3170.996,1002.4053955078125,0.0,45.79,91.89723205566406,0.0007263446459546685,0.0,0.0011230326490476727
1778194496.242,3171.999,1002.3930053710938,0.0,45.78,91.82588958740234,-0.00030332888127304614,0.0,0.0006630104617215693
1778194497.245,3173.002,1002.398193359375,0.0,45.78,91.92101287841797,-0.0006847011973150074,0.0,0.0006625296664424241
1778194498.248,3174.004,1002.3753662109375,0.0,45.78,91.85494995117188,-0.0013014659052714705,0.0,0.0009841606952250004
1778194499.251,3175.008,1002.3858642578125,0.0,45.77,91.82588958740234,-0.0014000600203871727,0.0,0.0006186533719301224
1778194500.254,3176.011,1002.4303588867188,0.0,45.79,91.68585205078125,-0.00021809084864798933,0.0,0.00033266079844906926
1778194501.257,3177.014,1002.3779296875,0.0,45.78,91.98442840576172,0.00047358093434013426,0.0,0.0015919037396088243
1778194502.210,3177.966,1002.3804321289062,0.0,45.78,91.95272064208984,0.0005493454518727958,0.0,0.0012441801372915506
1778194503.213,3178.969,1002.3953857421875,0.0,45.78,91.85494995117188,0.00041617362876422703,0.0,0.00037691983743570745
1778194504.216,3179.972,1002.408203125,0.0,45.78,92.09012603759766,0.00043682364048436284,0.0,0.0006574291619472206
1778194505.218,3180.975,1002.3878173828125,0.0,45.78,92.02935028076172,0.0006254123291000724,0.0,0.0006988091045059264
1778194506.221,3181.978,1002.4002685546875,0.0,45.79,91.90779876708984,0.00033159894519485533,0.0,0.00039940979331731796
1778194507.224,3182.980,1002.400390625,0.0,45.78,92.11389923095703,0.0012982931220903993,0.0,0.0008185741608031094
1778194508.227,3183.983,1002.4105224609375,0.0,45.78,91.87609100341797,0.0006672738236375153,0.0,0.0012536589056253433
1778194509.230,3184.986,1002.3778076171875,0.0,45.78,92.05841827392578,0.0008612985257059336,0.0,0.0004569084267131984
1778194510.232,3185.989,1002.3775634765625,0.0,45.79,92.02935028076172,0.00036981076118536294,0.0,0.0012458742130547762
1778194511.235,3186.992,1002.400390625,0.0,45.78,92.07691192626953,-0.0003117243468295783,0.0,0.0006172059802338481
1778194512.238,3187.995,1002.3977661132812,0.0,45.79,91.87609100341797,-0.00031254158238880336,0.0,0.0012540785828605294
1778194513.241,3188.998,1002.3700561523438,0.0,45.78,91.97122192382812,0.00039666969678364694,0.0,0.0017233093967661262
1778194514.244,3190.000,1002.3778686523438,0.0,45.78,91.78096771240234,0.0006078901351429522,0.0,0.0008840044029057026
1778194515.247,3191.004,1002.3900756835938,0.0,45.79,92.03199005126953,0.00015073467511683702,0.0,0.0007137579959817231
1778194516.250,3192.007,1002.3650512695312,0.0,45.78,91.87345123291016,0.00022700789850205183,0.0,0.0006897642160765827
1778194517.253,3193.009,1002.3900756835938,0.0,45.79,92.07427215576172,0.0003433449601288885,0.0,0.0003751464537344873
1778194518.256,3194.012,1002.380126953125,0.0,45.78,92.09540557861328,0.0012277876958251,0.0,0.0010416661389172077
1778194519.209,3194.965,1002.3700561523438,0.0,45.78,91.79946899414062,0.002031241310760379,0.0,0.0011568376794457436
1778194520.212,3195.969,1002.3851318359375,0.0,45.79,92.11918640136719,0.0012642750516533852,0.0,0.0006035170517861843
1778194521.215,3196.971,1002.3574829101562,0.0,45.78,92.20110321044922,0.0013781246962025762,0.0,0.00024374247004743665
1778194522.217,3197.974,1002.4000854492188,0.0,45.79,92.09012603759766,0.001540732802823186,0.0,0.00029342607012949884
1778194523.221,3198.977,1002.3599853515625,0.0,45.78,92.16146850585938,0.001192382420413196,0.0,0.0010808967053890228
1778194524.223,3199.980,1002.3724975585938,0.0,45.79,92.49967956542969,0.0015790584729984403,0.0,0.0010238935938104987
1778194525.227,3200.984,1002.3597412109375,0.0,45.79,92.121826171875,0.0023109333124011755,0.0,0.0004185218713246286
1778194526.231,3201.987,1002.3775634765625,0.0,45.79,91.8681640625,0.0015719372313469648,0.0,0.0008000537054613233
1778194527.233,3202.990,1002.3473510742188,0.0,45.78,92.2248764038086,0.0013161448296159506,0.0,0.0011370015563443303
1778194528.237,3203.993,1002.3648071289062,0.0,45.79,92.20638275146484,0.001728244824334979,0.0,0.0009696105844341218
1778194529.239,3204.996,1002.3597412109375,0.0,45.79,92.14297485351562,0.0021988244261592627,0.0,0.0007808168302290142
1778194530.243,3205.999,1002.3648071289062,0.0,45.79,91.86552429199219,0.0016858858289197087,0.0,0.000467755482532084
1778194531.246,3207.002,1002.3698120117188,0.0,45.79,92.2275161743164,0.001464972854591906,0.0,0.0006225210963748395
1778194532.249,3208.005,1002.3623046875,0.0,45.79,92.02935028076172,0.0005488459719344974,0.0,0.0010336308041587472
1778194533.253,3209.009,1002.384765625,0.0,45.79,92.31207275390625,-9.68907042988576e-05,0.0,0.0004258792323525995
1778194534.255,3210.012,1002.4000854492188,0.0,45.79,92.0399169921875,1.3315237083588727e-05,0.0,0.0005390247097238898
1778194535.258,3211.014,1002.3921508789062,0.0,45.8,91.94214630126953,0.000995118753053248,0.0,0.0005530311027541757
1778194536.211,3211.968,1002.374755859375,0.0,45.79,92.23017120361328,0.0007879702607169747,0.0,0.0006832445506006479
1778194537.214,3212.971,1002.3292846679688,0.0,45.79,92.10333251953125,0.001024761819280684,0.0,0.0006696483469568193
1778194538.217,3213.974,1002.3418579101562,0.0,45.79,91.91309356689453,0.000824964081402868,0.0,0.0010290865320712328
1778194539.220,3214.976,1002.3595581054688,0.0,45.79,92.166748046875,-0.0001481132348999381,0.0,0.0007805722998455167
1778194540.224,3215.980,1002.3643798828125,0.0,45.8,92.14825439453125,1.5731840903754346e-05,0.0,0.00047540655941702425
1778194541.227,3216.983,1002.3744506835938,0.0,45.8,91.99763488769531,-0.00027969424263574183,0.0,0.000828566902782768
1778194542.229,3217.986,1002.3695678710938,0.0,45.79,92.14297485351562,-0.0006655882461927831,0.0,2.2530606656800956e-05
1778194543.234,3218.991,1002.3671875,0.0,45.79,91.9289321899414,-0.0012317958753556013,0.0,0.0009220486972481012
1778194544.237,3219.993,1002.3521118164062,0.0,45.79,91.78096771240234,-0.0014742756029590964,0.0,0.0008790414431132376
1778194545.240,3220.996,1002.3571166992188,0.0,45.79,92.00556945800781,-0.0020556531380861998,0.0,0.00012098737352062017
1778194546.243,3221.999,1002.346923828125,0.0,45.79,91.91043853759766,-0.0016929369885474443,0.0,0.00021003284200560302
1778194547.245,3223.002,1002.3568725585938,0.0,45.8,91.78360748291016,-0.001005556434392929,0.0,0.0001794165000319481
1778194548.249,3224.005,1002.3521118164062,0.0,45.79,92.11918640136719,-0.0006503007607534528,0.0,0.0004948702408000827
1778194549.251,3225.008,1002.3418579101562,0.0,45.79,92.09540557861328,0.0004238653928041458,0.0,0.0006984782521612942
1778194550.256,3226.012,1002.389404296875,0.0,45.8,91.90779876708984,0.0004949755384586751,0.0,0.000393387716030702
1778194551.209,3226.966,1002.3844604492188,0.0,45.8,92.05577087402344,0.00048337827320210636,0.0,0.0017049445305019617
1778194552.212,3227.969,1002.3592529296875,0.0,45.8,92.0716323852539,0.0003942312323488295,0.0,0.0012899803696200252
1778194553.215,3228.972,1002.3516235351562,0.0,45.8,92.18524169921875,0.0004559012595564127,0.0,0.0012982503976672888
1778194554.218,3229.975,1002.3741455078125,0.0,45.8,92.30943298339844,0.0006142050842754543,0.0,0.0009205560199916363
1778194555.221,3230.978,1002.3992919921875,0.0,45.81,92.2354507446289,0.0008623451576568186,0.0,0.00045534485252574086
1778194556.225,3231.982,1002.3642578125,0.0,45.8,92.07955169677734,0.0016326706390827894,0.0,0.0013408983359113336
1778194557.228,3232.984,1002.3667602539062,0.0,45.8,91.9342269897461,0.000724499870557338,0.0,0.0008977967663668096
1778194558.231,3233.987,1002.371826171875,0.0,45.8,92.03727722167969,0.0008111040806397796,0.0,0.0006749262101948261
1778194559.234,3234.990,1002.3541259765625,0.0,45.8,92.301513671875,0.00045782022061757743,0.0,0.0003868716594297439
1778194560.236,3235.993,1002.3871459960938,0.0,45.8,92.05841827392578,0.00019619896193034947,0.0,0.0005415062187239528
1778194561.239,3236.996,1002.359375,0.0,45.8,92.0610580444336,-0.0001389854442095384,0.0,0.0002583412278909236
1778194562.242,3237.999,1002.3641357421875,0.0,45.8,92.07955169677734,-0.00046249828301370144,0.0,0.0004302834568079561
1778194563.246,3239.003,1002.34912109375,0.0,45.8,92.14297485351562,-0.0002118138363584876,0.0,0.0006223672535270452
1778194564.251,3240.008,1002.3442993164062,0.0,45.8,92.20638275146484,-0.00030080939177423716,0.0,0.0007612609770148993
1778194565.254,3241.011,1002.3618774414062,0.0,45.8,91.8998794555664,-0.0006652082083746791,0.0,0.00020889792358502746
1778194566.257,3242.014,1002.3364868164062,0.0,45.8,92.13768005371094,-0.0008829280268400908,0.0,0.0015904337633401155
1778194567.209,3242.966,1002.382080078125,0.0,45.8,91.95536041259766,-0.0004931993898935616,0.0,0.0011480092070996761
1778194568.212,3243.969,1002.3465576171875,0.0,45.8,92.00820922851562,-0.0010016313754022121,0.0,0.0016571871237829328
1778194569.217,3244.973,1002.3868408203125,0.0,45.8,91.87080383300781,-0.0013575946213677526,0.0,0.001124302507378161
1778194570.219,3245.976,1002.381591796875,0.0,45.81,91.95272064208984,-0.001632223604246974,0.0,0.0008543129079043865
1778194571.222,3246.978,1002.3716430664062,0.0,45.8,92.0610580444336,-0.0011790752178058028,0.0,0.0005514798103831708
1778194572.225,3247.982,1002.381591796875,0.0,45.81,91.91309356689453,-0.0017631420632824302,0.0,5.046867227065377e-05
1778194573.228,3248.984,1002.40185546875,0.0,45.81,91.95272064208984,-0.0018742938991636038,0.0,0.0005667158984579146
1778194574.232,3249.988,1002.3715209960938,0.0,45.81,91.8919448852539,-0.0023482346441596746,0.0,0.0005653167609125376
1778194575.235,3250.991,1002.3568725585938,0.0,45.8,91.95536041259766,-0.0017433188622817397,0.0,0.00042232696432620287
1778194576.238,3251.994,1002.3516235351562,0.0,45.8,91.65678405761719,-0.001309630461037159,0.0,0.0013243682915344834
1778194577.241,3252.998,1002.3890380859375,0.0,45.81,92.01878356933594,-0.0020113836508244276,0.0,0.001644251635298133
1778194578.245,3254.001,1002.3592529296875,0.0,45.8,91.82060241699219,-0.000942631100770086,0.0,0.0010503663215786219
1778194579.248,3255.004,1002.3514404296875,0.0,45.8,91.79682159423828,-0.00042724894592538476,0.0,0.0005810527945868671
1778194580.250,3256.007,1002.401611328125,0.0,45.81,91.99763488769531,-0.0005038701347075403,0.0,0.0008947749738581479
1778194581.254,3257.011,1002.3639526367188,0.0,45.81,91.9580078125,-0.0008332552970387042,0.0,0.0012431119102984667
1778194582.257,3258.014,1002.364013671875,0.0,45.8,92.14825439453125,-0.0010502361692488194,0.0,0.000898384430911392
1778194583.210,3258.966,1002.3615112304688,0.0,45.8,92.02406311035156,-6.681462400592864e-05,0.0,0.001125949202105403
1778194584.213,3259.970,1002.3514404296875,0.0,45.8,92.08483123779297,0.0002482914424035698,0.0,0.0010355282574892044
1778194585.216,3260.973,1002.4065551757812,0.0,45.81,91.87345123291016,0.0003203041560482234,0.0,0.0010523161618039012
1778194586.219,3261.976,1002.3665161132812,0.0,45.81,91.87345123291016,0.0001885130041046068,0.0,0.0008176707779057324
1778194587.222,3262.978,1002.3638916015625,0.0,45.81,92.1086196899414,0.00014068909513298422,0.0,0.0001596477668499574
1778194588.225,3263.981,1002.3790893554688,0.0,45.81,91.90515899658203,0.0012281069066375494,0.0,0.000873686105478555
1778194589.229,3264.986,1002.3589477539062,0.0,45.81,91.83381652832031,0.0006936080171726644,0.0,0.0008414526237174869
1778194590.232,3265.989,1002.3436279296875,0.0,45.81,92.12711334228516,-0.00012520802556537092,0.0,0.0012391081545501947
1778194591.235,3266.991,1002.3636474609375,0.0,45.81,92.02142333984375,-0.00018082089081872255,0.0,0.0005711253033950925
1778194592.238,3267.995,1002.3740234375,0.0,45.81,91.75719451904297,0.0004188377351965755,0.0,0.0014457553625106812
1778194593.241,3268.997,1002.3839721679688,0.0,45.81,92.0029296875,-0.00029770005494356155,0.0,0.0012416030513122678
1778194594.245,3270.001,1002.3612060546875,0.0,45.81,92.0636978149414,0.0013144959229975939,0.0,0.0007507732370868325
1778194595.249,3271.005,1002.366455078125,0.0,45.81,92.03199005126953,0.0008693403215147555,0.0,0.00043933556298725307
1778194596.252,3272.008,1002.364013671875,0.0,45.8,91.91573333740234,0.0007437918102368712,0.0,0.0005823621759191155
1778194597.255,3273.012,1002.3787231445312,0.0,45.81,92.0636978149414,0.0006667731795459986,0.0,0.0013741223374381661
1778194598.258,3274.014,1002.3486328125,0.0,45.81,92.0636978149414,0.0007808785885572433,0.0,0.0009097796864807606
1778194599.211,3274.968,1002.3739013671875,0.0,45.81,91.91573333740234,0.0012176970485597849,0.0,0.0002758961636573076
1778194600.215,3275.972,1002.37109375,0.0,45.82,91.85494995117188,0.0005057466914877295,0.0,0.0005728925461880863
1778194601.218,3276.974,1002.3538818359375,0.0,45.81,92.17202758789062,0.0013819013256579638,0.0,0.0004599403473548591
1778194602.220,3277.977,1002.36865234375,0.0,45.81,91.95008087158203,0.0011085969163104892,0.0,0.00046664895489811897
1778194603.223,3278.980,1002.3361206054688,0.0,45.81,92.15089416503906,0.0011381192598491907,0.0,0.0005370579310692847
1778194604.226,3279.983,1002.3685913085938,0.0,45.81,91.89723205566406,0.00074052345007658,0.0,7.550126611022279e-05
1778194605.230,3280.986,1002.353515625,0.0,45.81,91.91043853759766,4.6036348066991195e-05,0.0,0.00032152674975804985
1778194606.233,3281.989,1002.3911743164062,0.0,45.82,91.89723205566406,-0.00032028619898483157,0.0,0.0011389495339244604
1778194607.237,3282.993,1002.3810424804688,0.0,45.82,92.04255676269531,-7.472541619790718e-05,0.0,0.0003352970816195011
1778194608.239,3283.996,1002.3660888671875,0.0,45.81,91.87609100341797,0.00022981934307608753,0.0,0.00022192181495483965
1778194609.242,3284.999,1002.3660888671875,0.0,45.81,92.0029296875,0.0006075288401916623,0.0,0.00021017828839831054
1778194610.246,3286.002,1002.3734741210938,0.0,45.82,91.8998794555664,0.0008430220186710358,0.0,9.466459596296772e-05
1778194611.248,3287.005,1002.3635864257812,0.0,45.81,92.04520416259766,0.0003829114430118352,0.0,0.0009982963092625141
1778194612.253,3288.009,1002.378662109375,0.0,45.81,91.99235534667969,0.0004342945176176727,0.0,0.0006426105392165482
1778194613.257,3289.013,1002.3810424804688,0.0,45.82,91.75189971923828,0.0008962909923866391,0.0,0.000375698902644217
1778194614.209,3289.966,1002.3532104492188,0.0,45.82,91.98178100585938,0.0012667232658714056,0.0,6.429045606637374e-05
1778194615.212,3290.969,1002.378662109375,0.0,45.81,91.92101287841797,0.0004052721196785569,0.0,0.0005961044225841761
1778194616.215,3291.972,1002.3660888671875,0.0,45.81,91.66999816894531,0.00011830738367279992,0.0,4.172328772256151e-05
1778194617.218,3292.975,1002.370849609375,0.0,45.82,91.75454711914062,0.00041413112194277346,0.0,0.0003736969083547592
1778194618.221,3293.978,1002.3910522460938,0.0,45.82,91.84967041015625,0.00022295911912806332,0.0,0.0003513274132274091
1778194619.224,3294.981,1002.3961791992188,0.0,45.82,91.79682159423828,0.00029683043248951435,0.0,0.0002638114965520799
1778194620.228,3295.985,1002.3984985351562,0.0,45.82,91.98971557617188,-0.00028648533043451607,0.0,0.0005114758387207985
1778194621.231,3296.987,1002.37109375,0.0,45.82,91.88401794433594,6.675768236164004e-05,0.0,0.0010052521247416735
1778194622.234,3297.991,1002.4207763671875,0.0,45.83,92.0636978149414,-0.0009761848486959934,0.0,0.0015302232932299376
1778194623.237,3298.994,1002.3958129882812,0.0,45.83,91.73340606689453,-0.001735129626467824,0.0,0.0010666076559573412
1778194624.240,3299.997,1002.401123046875,0.0,45.82,92.09276580810547,-0.002238993998616934,0.0,0.0007040887139737606
1778194625.244,3301.001,1002.4136352539062,0.0,45.82,91.86288452148438,-0.001653078943490982,0.0,0.001085419557057321
1778194626.247,3302.004,1002.3685913085938,0.0,45.81,91.82060241699219,-0.0011191234225407243,0.0,0.0013899297919124365
1778194627.250,3303.007,1002.3884887695312,0.0,45.82,91.58808135986328,-0.000844951719045639,0.0,0.0015061814337968826
1778194628.253,3304.010,1002.4033203125,0.0,45.83,91.78889465332031,-0.0017408544663339853,0.0,0.001213972456753254
1778194629.256,3305.013,1002.3907470703125,0.0,45.83,91.84439086914062,-0.0019527212716639042,0.0,0.0007752751116640866
1778194630.213,3305.970,1002.3882446289062,0.0,45.83,91.9262924194336,-0.0017271420219913125,0.0,0.0002829200238920748
1778194631.218,3306.975,1002.4158325195312,0.0,45.83,91.86288452148438,-0.0019700503908097744,0.0,0.0009266727138310671
1778194632.221,3307.978,1002.4032592773438,0.0,45.83,91.9289321899414,-0.0014031046302989125,0.0,0.00027716378099285066
1778194633.224,3308.980,1002.3928833007812,0.0,45.83,92.0161361694336,-0.0009992008563131094,0.0,0.00012265038094483316
1778194634.227,3309.984,1002.380859375,0.0,45.82,91.65149688720703,-0.0009184714290313423,0.0,0.0005687932134605944
1778194635.230,3310.987,1002.40576171875,0.0,45.83,91.80210876464844,-0.001640242408029735,0.0,0.0006668779533356428
1778194636.234,3311.990,1002.39599609375,0.0,45.82,91.95008087158203,-0.0018244528910145164,0.0,0.000579263549298048
1778194637.237,3312.994,1002.38818359375,0.0,45.83,91.58808135986328,-0.0020718637388199568,0.0,0.000247685587964952
1778194638.240,3313.996,1002.4205322265625,0.0,45.84,91.65149688720703,-0.0016987222479656339,0.0,0.0008898008381947875
1778194639.243,3315.000,1002.4033203125,0.0,45.83,91.82060241699219,-0.0020122763235121965,0.0,0.0010934799211099744
1778194640.246,3316.003,1002.40576171875,0.0,45.83,91.77568817138672,-0.0012482852907851338,0.0,0.001340574468486011
1778194641.249,3317.006,1002.4006958007812,0.0,45.83,91.72547912597656,-0.0004871450364589691,0.0,0.0007951580337248743
1778194642.253,3318.009,1002.4083251953125,0.0,45.83,91.81532287597656,-0.001188047113828361,0.0,0.001455717720091343
1778194643.255,3319.012,1002.3983154296875,0.0,45.83,91.75454711914062,-0.0015924845356494188,0.0,0.0006171974819153547
1778194644.209,3319.965,1002.4107055664062,0.0,45.83,91.92365264892578,-0.0018878014525398612,0.0,0.0008684509084559977
1778194645.212,3320.969,1002.39794921875,0.0,45.83,91.70170593261719,-0.0028762377332895994,0.0,0.0004349054070189595
1778194646.215,3321.972,1002.3982543945312,0.0,45.83,91.6012954711914,-0.002395380986854434,0.0,0.000483060022816062
1778194647.218,3322.974,1002.4132690429688,0.0,45.83,91.49559783935547,-0.0025068563409149647,0.0,0.00020732422126457095
1778194648.221,3323.977,1002.4329223632812,0.0,45.84,91.71226501464844,-0.0031849066726863384,0.0,0.0004618476377800107
1778194649.224,3324.980,1002.4130249023438,0.0,45.83,91.37141418457031,-0.0030408804304897785,0.0,0.0005636705900542438
1778194650.226,3325.983,1002.4153442382812,0.0,45.84,91.51937866210938,-0.002269504824653268,0.0,0.0009733988554216921
1778194651.229,3326.986,1002.400390625,0.0,45.84,91.68055725097656,-0.0013649286702275276,0.0,0.00022563878155779094
1778194652.233,3327.989,1002.4129638671875,0.0,45.84,91.6277084350586,-0.0014855226036161184,0.0,0.0002471719344612211
1778194653.235,3328.992,1002.435302734375,0.0,45.85,91.7730484008789,-0.0014864613767713308,0.0,0.0004890053533017635
1778194654.239,3329.995,1002.4200439453125,0.0,45.85,91.56430053710938,-0.0014504174469038844,0.0,0.0005283751524984837
1778194655.241,3330.998,1002.4002685546875,0.0,45.84,91.35291290283203,-0.0015483404276892543,0.0,0.0005270449910312891
1778194656.244,3332.001,1002.4078979492188,0.0,45.84,91.62506866455078,-0.002374076982960105,0.0,0.000573296973016113
1778194657.247,3333.004,1002.4000854492188,0.0,45.84,91.69113159179688,-0.0017397390911355615,0.0,0.00045928594772703946
1778194658.250,3334.006,1002.4024658203125,0.0,45.85,91.61714935302734,-0.0014060161774978042,0.0,0.0003509528178256005
1778194659.253,3335.010,1002.4027709960938,0.0,45.84,91.69113159179688,-0.0014635922852903605,0.0,0.00041108622099272907
1778194660.256,3336.013,1002.4228515625,0.0,45.84,91.47974395751953,-0.001797012286260724,0.0,0.00045094662345945835
1778194661.213,3336.970,1002.41015625,0.0,45.84,91.59600830078125,-0.0023377523757517338,0.0,0.0013095570029690862
1778194662.218,3337.974,1002.4351196289062,0.0,45.85,91.6277084350586,-0.0030109956860542297,0.0,0.0007696276879869401
1778194663.221,3338.977,1002.4428100585938,0.0,45.85,91.81532287597656,-0.0023567797616124153,0.0,0.00031836226116865873
1778194664.223,3339.980,1002.4328002929688,0.0,45.85,91.6277084350586,-0.001258975244127214,0.0,0.0008208478684537113
1778194665.226,3340.983,1002.3975830078125,0.0,45.84,91.82588958740234,4.986004569218494e-06,0.0,0.0008870098390616477
1778194666.229,3341.986,1002.3976440429688,0.0,45.84,91.47974395751953,-0.0006241984665393829,0.0,0.0005302412318997085
1778194667.233,3342.989,1002.4428100585938,0.0,45.85,91.66999816894531,-0.0017838709754869342,0.0,0.000724873854778707
1778194668.236,3343.993,1002.4379272460938,0.0,45.84,91.5986557006836,-0.0014413298340514302,0.0,0.0011222276370972395
1778194669.239,3344.996,1002.42529296875,0.0,45.84,91.67263793945312,-0.0011176645057275891,0.0,0.0008227947982959449
1778194670.242,3345.998,1002.400146484375,0.0,45.84,91.84173583984375,-0.0016141444211825728,0.0,0.0004882524081040174
1778194671.245,3347.001,1002.422607421875,0.0,45.85,91.50088500976562,-0.0006348677561618388,0.0,0.0006454261601902544
1778194672.248,3348.005,1002.4076538085938,0.0,45.84,91.56430053710938,-0.00094749650452286,0.0,0.0009906650520861149
1778194673.251,3349.008,1002.4301147460938,0.0,45.85,91.60393524169922,-0.002099796198308468,0.0,0.0011191971134394407
1778194674.254,3350.010,1002.4175415039062,0.0,45.85,91.70962524414062,-0.002413485897704959,0.0,0.0010286347242072225
1778194675.208,3350.965,1002.3977661132812,0.0,45.84,91.47974395751953,-0.001565862912684679,0.0,0.0004413621500134468
1778194676.212,3351.969,1002.4251098632812,0.0,45.85,91.58544158935547,-0.0016871638363227248,0.0,0.0006038470892235637
1778194677.215,3352.972,1002.4176635742188,0.0,45.85,91.43746948242188,-0.0008171289809979498,0.0,0.0002652901748660952
1778194678.218,3353.975,1002.4228515625,0.0,45.84,91.7651138305664,-0.0013339548604562879,0.0,0.0006830825004726648
1778194679.221,3354.978,1002.435302734375,0.0,45.85,91.56430053710938,-0.0014968742616474628,0.0,0.0003666216798592359
1778194680.225,3355.982,1002.4325561523438,0.0,45.85,91.75189971923828,-0.0007014065631665289,0.0,0.0008282774942927063
1778194681.229,3356.985,1002.4475708007812,0.0,45.85,91.54051208496094,-0.0005109247285872698,0.0,0.0008935770019888878
1778194682.232,3357.988,1002.4278564453125,0.0,45.84,91.35291290283203,-0.0004403265193104744,0.0,0.0003179122577421367
1778194683.235,3358.992,1002.405029296875,0.0,45.84,91.64356994628906,-0.001024971017614007,0.0,0.00046724113053642213
1778194684.238,3359.995,1002.4124755859375,0.0,45.85,91.6356430053711,-0.0003929553786292672,0.0,0.000663716928102076
1778194685.242,3360.998,1002.4349975585938,0.0,45.85,91.60393524169922,-0.0004001886991318315,0.0,0.0005492494674399495
1778194686.245,3362.002,1002.4176635742188,0.0,45.85,91.71491241455078,-0.0005450145108625293,0.0,0.0013933844165876508
1778194687.248,3363.005,1002.4052734375,0.0,45.84,91.70962524414062,-0.0005954471998848021,0.0,0.0008093653013929725
1778194688.253,3364.009,1002.4024658203125,0.0,45.85,91.73076629638672,4.1737198444025125e-06,0.0,0.0003252801252529025
1778194689.257,3365.013,1002.4201049804688,0.0,45.85,92.1297607421875,9.113882697420195e-06,0.0,0.0004693905357271433
1778194690.210,3365.966,1002.41015625,0.0,45.84,91.85758972167969,0.00123125733807683,0.0,0.0006539953756146133
1778194691.213,3366.969,1002.4048461914062,0.0,45.85,91.7175521850586,0.0011849089059978724,0.0,0.0002635119017213583
1778194692.215,3367.972,1002.4276123046875,0.0,45.85,92.06897735595703,0.0016024771612137556,0.0,0.0010595768690109253
1778194693.220,3368.977,1002.4351196289062,0.0,45.85,91.81532287597656,0.0016499679768458009,0.0,0.001242058933712542
1778194694.224,3369.980,1002.4075317382812,0.0,45.85,91.49031829833984,0.0024864973966032267,0.0,0.00027739230426959693
1778194695.226,3370.983,1002.4249877929688,0.0,45.85,91.7730484008789,0.0011721033370122313,0.0,0.0008198075811378658
1778194696.229,3371.986,1002.3876342773438,0.0,45.84,91.62506866455078,0.0007691715727560222,0.0,0.0005907653248868883
1778194697.232,3372.988,1002.4375,0.0,45.85,91.68849182128906,9.386573219671845e-05,0.0,0.0007833541021682322
1778194698.235,3373.992,1002.4325561523438,0.0,45.85,91.6382827758789,-0.00030649773543700576,0.0,0.0012205468956381083
1778194699.240,3374.996,1002.4503173828125,0.0,45.85,91.77568817138672,-0.0005371926818042994,0.0,0.0008486211881972849
1778194700.243,3375.999,1002.4200439453125,0.0,45.85,91.90251922607422,-0.0006082672043703496,0.0,0.0009321316611021757
1778194701.245,3377.002,1002.4098510742188,0.0,45.85,91.70962524414062,-0.0011117273243144155,0.0,0.0007157289073802531
1778194702.249,3378.005,1002.4251098632812,0.0,45.85,91.64356994628906,-0.0018967073410749435,0.0,0.0016143053071573377
1778194703.252,3379.008,1002.4150390625,0.0,45.85,91.56430053710938,-0.0026172862853854895,0.0,0.0013446365483105183
1778194704.255,3380.011,1002.425048828125,0.0,45.85,91.62506866455078,-0.002695462666451931,0.0,0.0006090577226132154
1778194705.258,3381.014,1002.4024658203125,0.0,45.85,91.75189971923828,-0.0024647891987115145,0.0,0.0006443440797738731
1778194706.210,3381.967,1002.4200439453125,0.0,45.85,91.68585205078125,-0.002333996584638953,0.0,0.0007534647011198103
1778194707.214,3382.970,1002.4047241210938,0.0,45.85,91.41368865966797,-0.0015681828372180462,0.0,0.0012078386498615146
1778194708.217,3383.973,1002.4178466796875,0.0,45.84,91.68319702148438,-0.002287506591528654,0.0,0.001051741885021329
1778194709.221,3384.978,1002.4176635742188,0.0,45.85,91.73076629638672,-0.0023445705883204937,0.0,0.0006262338138185441
1778194710.225,3385.981,1002.4076538085938,0.0,45.84,91.58015441894531,-0.001529173576273024,0.0,0.00014476830256171525
1778194711.228,3386.984,1002.4300537109375,0.0,45.85,91.71491241455078,-0.001129677053540945,0.0,0.0003542242629919201
1778194712.231,3387.987,1002.425048828125,0.0,45.85,91.78889465332031,-0.0010813474655151367,0.0,0.0005056492518633604
1778194713.234,3388.990,1002.3951416015625,0.0,45.84,91.5563735961914,-0.0007933353772386909,0.0,0.0006800796836614609
1778194714.237,3389.993,1002.3850708007812,0.0,45.84,91.59600830078125,-0.0007560569792985916,0.0,0.0005463709239847958
1778194715.240,3390.996,1002.4201049804688,0.0,45.85,91.7624740600586,-0.0006895069964230061,0.0,0.0015355970244854689
1778194716.243,3391.999,1002.425048828125,0.0,45.85,91.7624740600586,-0.002050047041848302,0.0,0.0007164193666540086
1778194717.246,3393.002,1002.4351196289062,0.0,45.85,91.7175521850586,-0.001826959545724094,0.0,0.00043047769577242434
1778194718.249,3394.005,1002.39013671875,0.0,45.84,91.67527770996094,-0.002742623444646597,0.0,0.0009963116608560085
1778194719.254,3395.010,1002.4127807617188,0.0,45.84,91.86552429199219,-0.0030193782877177,0.0,0.0006511269020847976
1778194720.257,3396.014,1002.4126586914062,0.0,45.84,91.67527770996094,-0.0025375804398208857,0.0,0.000464062875835225
1778194721.210,3396.966,1002.3978881835938,0.0,45.84,91.71491241455078,-0.0014731058618053794,0.0,0.00057509500766173
1778194722.212,3397.969,1002.3826293945312,0.0,45.84,92.09276580810547,-0.0020178204867988825,0.0,0.0010169667657464743
1778194723.215,3398.972,1002.392578125,0.0,45.84,91.54580688476562,-0.0008782385266385972,0.0,0.00015714402252342552
1778194724.219,3399.976,1002.3927612304688,0.0,45.84,91.72547912597656,-0.0003222313243895769,0.0,0.00028166358242742717
1778194725.223,3400.979,1002.37255859375,0.0,45.84,91.54580688476562,-0.0005667352234013379,0.0,0.0005971310310997069
1778194726.226,3401.982,1002.4180297851562,0.0,45.84,91.54316711425781,-0.0010231855558231473,0.0,0.0013249479234218597
1778194727.228,3402.985,1002.4051513671875,0.0,45.84,91.90515899658203,-0.0011567422188818455,0.0,0.0005720190238207579
1778194728.232,3403.988,1002.3652954101562,0.0,45.83,91.80474853515625,-0.0011391827138140798,0.0,0.0005721765337511897
1778194729.235,3404.991,1002.412841796875,0.0,45.84,92.00820922851562,-0.0010674962541088462,0.0,0.0005549091729335487
1778194730.238,3405.994,1002.4031982421875,0.0,45.83,91.79154205322266,-0.00014082470443099737,0.0,0.0007415161817334592
1778194731.241,3406.997,1002.3828125,0.0,45.83,91.8893051147461,8.279074245365337e-05,0.0,0.0010504014790058136
1778194732.244,3408.000,1002.3780517578125,0.0,45.83,91.9368667602539,0.00017562364519108087,0.0,0.000754949520342052
1778194733.247,3409.004,1002.4004516601562,0.0,45.83,91.51409912109375,-8.528443868272007e-05,0.0,0.0003483834152575582
1778194734.252,3410.009,1002.4104614257812,0.0,45.84,91.82060241699219,-0.0007217007223516703,0.0,0.0005081724375486374
1778194735.255,3411.012,1002.407958984375,0.0,45.84,91.91837310791016,-0.0007327256025746465,0.0,0.0011680425377562642
1778194736.258,3412.014,1002.4107055664062,0.0,45.83,91.87873840332031,-0.0010751292575150728,0.0,0.0004934229073114693
1778194737.211,3412.968,1002.38818359375,0.0,45.83,91.79946899414062,-0.0015192219289019704,0.0,0.00041910179425030947
1778194738.214,3413.971,1002.4105224609375,0.0,45.83,91.82060241699219,-0.0016975983744487166,0.0,0.0006646232213824987
1778194739.217,3414.974,1002.3932495117188,0.0,45.83,91.7730484008789,-0.0011764665832743049,0.0,0.0010789899388328195
1778194740.220,3415.977,1002.4205322265625,0.0,45.84,92.16938781738281,-0.0012573434505611658,0.0,0.0014659450389444828
1778194741.223,3416.979,1002.3930053710938,0.0,45.83,91.74925994873047,-0.0013369378866627812,0.0,0.00017028686124831438
1778194742.226,3417.983,1002.4082641601562,0.0,45.83,91.74662017822266,-0.0027668734546750784,0.0,0.002667164197191596
1778194743.230,3418.987,1002.4185791015625,0.0,45.83,91.91573333740234,-0.001991596771404147,0.0,0.0003583536308724433
1778194744.233,3419.990,1002.3731689453125,0.0,45.83,91.81267547607422,-0.002171562984585762,0.0,0.0009278344223275781
1778194745.239,3420.995,1002.4331665039062,0.0,45.84,91.5563735961914,-0.0016647764714434743,0.0,0.00016377822612412274
1778194746.243,3422.000,1002.380859375,0.0,45.82,91.6012954711914,-0.0013648931635543704,0.0,0.000973899383097887
1778194747.246,3423.002,1002.3758544921875,0.0,45.82,91.7175521850586,-0.0024832880590111017,0.0,0.0010665545705705881
1778194748.249,3424.005,1002.3909912109375,0.0,45.82,91.70698547363281,-0.0026053658220916986,0.0,0.0006665987893939018
1778194749.253,3425.009,1002.3834838867188,0.0,45.82,91.74398040771484,-0.0024285162799060345,0.0,0.0014878006186336279
1778194750.255,3426.012,1002.4035034179688,0.0,45.83,91.57750701904297,-0.0023120378609746695,0.0,0.000992966233752668
1778194751.212,3426.968,1002.4060668945312,0.0,45.82,91.75719451904297,-0.0021717294584959745,0.0,0.0009960071183741093
1778194752.216,3427.972,1002.3960571289062,0.0,45.82,91.53787231445312,-0.002640948398038745,0.0,0.0007017842144705355
1778194753.219,3428.975,1002.3938598632812,0.0,45.81,91.78889465332031,-0.0027278063353151083,0.0,0.0006802569259889424
1778194754.221,3429.978,1002.4110107421875,0.0,45.83,91.73340606689453,-0.001419232226908207,0.0,0.0017198278801515698
1778194755.224,3430.981,1002.4185791015625,0.0,45.83,91.64092254638672,-0.0013574176700785756,0.0,0.0019120333017781377
1778194756.227,3431.983,1002.4038696289062,0.0,45.82,91.57750701904297,-0.0016687425086274743,0.0,0.0011725627118721604
1778194757.231,3432.988,1002.4189453125,0.0,45.82,91.6964111328125,-0.0023056042846292257,0.0,0.00023932316980790347
1778194758.235,3433.991,1002.4439086914062,0.0,45.83,91.704345703125,-0.0015332860639318824,0.0,0.0001215621450683102
1778194759.237,3434.994,1002.4088745117188,0.0,45.82,91.74662017822266,-0.0014835749752819538,0.0,0.0009345794096589088
1778194760.241,3435.997,1002.4087524414062,0.0,45.82,91.59600830078125,-0.0007903338992036879,0.0,0.0009079159935936332
1778194761.243,3437.000,1002.421630859375,0.0,45.81,91.57750701904297,-0.0006817555404268205,0.0,0.0007588999578729272
1778194762.247,3438.003,1002.4288940429688,0.0,45.82,91.7651138305664,-0.0005155567778274417,0.0,0.001956779509782791
1778194763.251,3439.008,1002.4440307617188,0.0,45.82,91.97650146484375,0.00028122434741817415,0.0,0.0004735098627861589
1778194764.254,3440.011,1002.4214477539062,0.0,45.82,91.71491241455078,0.00029659311985597014,0.0,0.0013846607180312276
1778194765.257,3441.014,1002.3966064453125,0.0,45.81,91.51145935058594,5.544492159970105e-05,0.0,0.00030586039065383375
1778194766.211,3441.967,1002.4267578125,0.0,45.81,91.5325927734375,-0.0014635691186413169,0.0,0.0007347344071604311
1778194767.214,3442.970,1002.404052734375,0.0,45.81,91.70170593261719,-0.0019597315695136786,0.0,0.0004725129110738635
1778194768.216,3443.973,1002.4093017578125,0.0,45.81,91.84967041015625,-0.0016808912623673677,0.0,0.0007929062703624368
1778194769.219,3444.975,1002.4066162109375,0.0,45.81,92.02142333984375,-0.0016989348223432899,0.0,0.0009662985103204846
1778194770.222,3445.978,1002.4190673828125,0.0,45.81,91.7862548828125,-0.0008057879749685526,0.0,0.0003273574693594128
1778194771.225,3446.982,1002.396484375,0.0,45.81,91.71226501464844,-0.0007144270348362625,0.0,0.00026714938576333225
1778194772.228,3447.984,1002.41162109375,0.0,45.81,91.6382827758789,-0.00023278123990166932,0.0,0.0004132817266508937
1778194773.231,3448.987,1002.3938598632812,0.0,45.81,91.41104125976562,0.0006992581184022129,0.0,0.0008619354339316487
1778194774.234,3449.990,1002.4266357421875,0.0,45.81,91.74662017822266,0.0009396921959705651,0.0,0.0004854197904933244
1778194775.237,3450.993,1002.3837280273438,0.0,45.81,91.76775360107422,0.0009064004407264292,0.0,0.001157195889391005
1778194776.240,3451.996,1002.4267578125,0.0,45.81,91.78889465332031,0.0004579492087941617,0.0,0.0007368516526184976
1778194777.243,3453.000,1002.356201171875,0.0,45.81,91.64356994628906,0.0001015388043015264,0.0,0.0003809461195487529
1778194778.249,3454.006,1002.3814697265625,0.0,45.81,91.6382827758789,-0.00034397447598166764,0.0,0.000797551590949297
1778194779.254,3455.010,1002.4191284179688,0.0,45.81,92.04520416259766,-0.00021226564422249794,0.0,0.0008967177127487957
1778194780.257,3456.013,1002.39404296875,0.0,45.81,91.81267547607422,0.000835960847325623,0.0,0.0007519515347667038
1778194781.209,3456.966,1002.401611328125,0.0,45.81,91.9580078125,0.00028047157684341073,0.0,0.000672330497764051
1778194782.214,3457.970,1002.4241333007812,0.0,45.81,91.66206359863281,0.00040501539479009807,0.0,0.000680765020661056
1778194783.217,3458.973,1002.3987426757812,0.0,45.82,91.91837310791016,0.00038476119516417384,0.0,0.00020479039812926203
1778194784.220,3459.977,1002.381591796875,0.0,45.81,91.9289321899414,0.000794994062744081,0.0,0.0013639562530443072
1778194785.226,3460.983,1002.391357421875,0.0,45.81,92.12711334228516,0.001106130424886942,0.0,0.0014053275808691978
1778194786.229,3461.985,1002.41162109375,0.0,45.81,92.06897735595703,0.0023150232154875994,0.0,0.0011132601648569107
1778194787.231,3462.988,1002.384033203125,0.0,45.81,92.02406311035156,0.0026467256247997284,0.0,6.794353248551488e-05
1778194788.235,3463.992,1002.3988647460938,0.0,45.81,91.7281265258789,0.0021940525621175766,0.0,9.575651347404346e-05
1778194789.238,3464.994,1002.3839111328125,0.0,45.81,91.4744644165039,0.0011800151551142335,0.0,0.000543423870112747
1778194790.242,3465.998,1002.3639526367188,0.0,45.81,92.08747100830078,6.060106898075901e-05,0.0,0.00017818562628235668
1778194791.244,3467.001,1002.3988647460938,0.0,45.81,92.04520416259766,0.0004304862522985786,0.0,0.0010423901258036494
1778194792.247,3468.004,1002.384033203125,0.0,45.81,92.08483123779297,-0.00017484676209278405,0.0,0.00023784553923178464
1778194793.250,3469.006,1002.4093017578125,0.0,45.81,91.91573333740234,-0.00041161541594192386,0.0,0.0005788349662907422
1778194794.253,3470.009,1002.3789672851562,0.0,45.81,91.80210876464844,-0.0006035934784449637,0.0,0.0007899398915469646
1778194795.257,3471.014,1002.3988647460938,0.0,45.81,91.94214630126953,-0.0002570237556938082,0.0,0.0001395807194057852
1778194796.210,3471.967,1002.3740234375,0.0,45.81,91.87873840332031,-0.0007239770493470132,0.0,0.0002819806686602533
1778194797.213,3472.969,1002.3966064453125,0.0,45.81,91.75189971923828,-0.0010787785286083817,0.0,0.0015660212375223637
1778194798.220,3473.976,1002.3892822265625,0.0,45.81,92.09012603759766,-0.001280005555599928,0.0,0.0006583717186003923
1778194799.224,3474.980,1002.4068603515625,0.0,45.81,91.66999816894531,-0.001174424309283495,0.0,0.0005407321732491255
1778194800.227,3475.983,1002.4140625,0.0,45.81,91.66735076904297,-0.0013535426696762443,0.0,0.0010546810226514935
1778194801.229,3476.986,1002.3840942382812,0.0,45.81,91.83645629882812,-0.0003479075385257602,0.0,0.001432434655725956
1778194802.232,3477.989,1002.3890991210938,0.0,45.81,91.96064758300781,-0.002499002730473876,0.0,0.0007776110433042049
1778194803.235,3478.992,1002.3790893554688,0.0,45.81,91.64620971679688,-0.0019594638142734766,0.0,0.00114547461271286
1778194804.239,3479.996,1002.3868408203125,0.0,45.8,91.704345703125,-0.0026448892895132303,0.0,0.0012595074949786067
1778194805.242,3480.998,1002.4273071289062,0.0,45.8,91.56166076660156,-0.001867756713181734,0.0,0.0009816632373258471
1778194806.245,3482.001,1002.4043579101562,0.0,45.81,91.92101287841797,-0.0013104842510074377,0.0,0.00046154274605214596
1778194807.248,3483.004,1002.394287109375,0.0,45.81,91.57222747802734,-0.0011948265600949526,0.0,0.0007430310943163931
1778194808.251,3484.007,1002.3992919921875,0.0,45.81,91.74925994873047,-0.0014277065638452768,0.0,0.0007089787977747619
1778194809.254,3485.010,1002.3818359375,0.0,45.8,91.53787231445312,-0.001203857478685677,0.0,0.0010190126486122608
1778194810.256,3486.013,1002.3740234375,0.0,45.81,91.59600830078125,-0.001919630914926529,0.0,0.001277112285606563
1778194811.211,3486.967,1002.374267578125,0.0,45.8,91.68849182128906,-0.0010527587728574872,0.0,0.0009780495893210173
1778194812.214,3487.970,1002.381591796875,0.0,45.81,91.45597076416016,-0.0008256225264631212,0.0,0.00041168229654431343
1778194813.217,3488.973,1002.4068603515625,0.0,45.81,91.7730484008789,-0.0019696177914738655,0.0,0.0005357512272894382
1778194814.220,3489.976,1002.4193725585938,0.0,45.81,91.66999816894531,-0.0025748268235474825,0.0,0.0008482339908368886
1778194815.223,3490.979,1002.4118041992188,0.0,45.81,91.48238372802734,-0.0028185721021145582,0.0,0.0006266576237976551
1778194816.226,3491.983,1002.4072265625,0.0,45.8,91.6277084350586,-0.003359729191288352,0.0,0.0006186609389260411
1778194817.229,3492.986,1002.3991088867188,0.0,45.81,91.66206359863281,-0.003502076491713524,0.0,0.0010748687200248241
1778194818.232,3493.988,1002.4220581054688,0.0,45.81,91.84173583984375,-0.0034271508920937777,0.0,0.0008283936767838895
1778194819.235,3494.991,1002.4041137695312,0.0,45.81,91.73869323730469,-0.0030080340802669525,0.0,0.0004915694589726627
1778194820.238,3495.994,1002.4219360351562,0.0,45.81,91.63035583496094,-0.0029661222361028194,0.0,0.0011819922365248203
1778194821.242,3496.998,1002.4119262695312,0.0,45.81,91.4189682006836,-0.0029610968194901943,0.0,0.0006809804472140968
1778194822.245,3498.001,1002.4196166992188,0.0,45.81,91.60657501220703,-0.0031970320269465446,0.0,0.0011193654499948025
1778194823.247,3499.004,1002.4346923828125,0.0,45.81,91.48238372802734,-0.0030485426541417837,0.0,0.0015070564113557339
1778194824.250,3500.007,1002.4068603515625,0.0,45.81,91.58808135986328,-0.003555923467501998,0.0,0.0008264455827884376
1778194825.253,3501.010,1002.4019165039062,0.0,45.8,91.33177947998047,-0.002897782251238823,0.0,0.0007022309000603855
1778194826.256,3502.013,1002.3944091796875,0.0,45.8,91.3978271484375,-0.0032981745898723602,0.0,0.0004232377978041768
1778194827.210,3502.966,1002.4146118164062,0.0,45.8,91.3978271484375,-0.003966649062931538,0.0,0.0013599437661468983
1778194828.212,3503.969,1002.3993530273438,0.0,45.81,91.44011688232422,-0.004682780709117651,0.0,0.00037641788367182016
1778194829.217,3504.973,1002.4345703125,0.0,45.81,91.58808135986328,-0.004550800193101168,0.0,0.00022239393729250878
1778194830.220,3505.976,1002.4419555664062,0.0,45.81,91.44803619384766,-0.004144094418734312,0.0,0.0003692906757351011
1778194831.223,3506.979,1002.4447631835938,0.0,45.81,91.2947769165039,-0.0036599033046513796,0.0,0.00015203290968202055
1778194832.226,3507.983,1002.4368286132812,0.0,45.81,91.37669372558594,-0.005186150316148996,0.0,0.0006091652321629226
1778194833.229,3508.986,1002.4447631835938,0.0,45.81,91.37669372558594,-0.005242589861154556,0.0,0.0001652136561460793
1778194834.232,3509.989,1002.4346923828125,0.0,45.81,91.34234619140625,-0.005739128217101097,0.0,0.000471008155727759
1778194835.235,3510.992,1002.4319458007812,0.0,45.81,91.09661102294922,-0.005376230459660292,0.0,0.00020726356888189912
1778194836.238,3511.994,1002.4419555664062,0.0,45.81,91.2921371459961,-0.005199944134801626,0.0,0.000128255327581428
1778194837.241,3512.997,1002.4322509765625,0.0,45.8,91.2577896118164,-0.0034452942200005054,0.0,0.000396656192606315
1778194838.244,3514.000,1002.4494018554688,0.0,45.81,91.58544158935547,-0.004642046522349119,0.0,0.00022078868641983718
1778194839.247,3515.003,1002.4573364257812,0.0,45.81,91.37669372558594,-0.004369622562080622,0.0,0.0009599460754543543
1778194840.249,3516.006,1002.4321899414062,0.0,45.81,91.34234619140625,-0.003952234983444214,0.0,0.0003238354402128607
1778194841.255,3517.011,1002.4696044921875,0.0,45.81,91.45597076416016,-0.0029034551698714495,0.0,0.0005085615557618439
1778194842.209,3517.965,1002.437255859375,0.0,45.8,91.58808135986328,-0.0026252728421241045,0.0,0.0009233365999534726
1778194843.212,3518.968,1002.4346923828125,0.0,45.81,91.31327819824219,-0.0033758138306438923,0.0,0.00034564948873594403
1778194844.214,3519.971,1002.4320678710938,0.0,45.81,91.3027114868164,-0.003559188451617956,0.0,0.0002817253989633173
1778194845.217,3520.974,1002.4747924804688,0.0,45.81,91.26836395263672,-0.0022797819692641497,0.0,0.0006023176247254014
1778194846.222,3521.978,1002.4345703125,0.0,45.81,91.46125030517578,-0.002533148741349578,0.0,0.0001655124651733786
1778194847.227,3522.984,1002.4520874023438,0.0,45.81,91.29743194580078,-0.002840811852365732,0.0,0.0006817036774009466
1778194848.230,3523.987,1002.4322509765625,0.0,45.8,91.43482208251953,-0.002581742126494646,0.0,0.0008509027538821101
1778194849.233,3524.989,1002.459716796875,0.0,45.81,91.41632843017578,-0.002032581251114607,0.0,0.0001719089923426509
1778194850.236,3525.993,1002.4297485351562,0.0,45.8,91.4269027709961,-0.0017437840579077601,0.0,0.0006083979969844222
1778194851.239,3526.995,1002.4619140625,0.0,45.81,91.25250244140625,-0.002068969653919339,0.0,0.0005763540975749493
1778194852.243,3528.000,1002.4269409179688,0.0,45.81,91.33441925048828,-0.0018101659370586276,0.0,0.0006853194208815694
1778194853.247,3529.003,1002.4620971679688,0.0,45.81,91.32120513916016,-0.0025056693702936172,0.0,0.001538922544568777
1778194854.250,3530.006,1002.4724731445312,0.0,45.81,91.19437408447266,-0.0019152880413457751,0.0,0.000509904173668474
1778194855.252,3531.009,1002.4347534179688,0.0,45.8,91.48238372802734,-0.001540587516501546,0.0,0.0003279401862528175
1778194856.255,3532.012,1002.4673461914062,0.0,45.81,91.24986267089844,-0.0017334462609142065,0.0,0.000872613163664937
1778194857.209,3532.965,1002.4572143554688,0.0,45.81,91.3027114868164,-0.0008285293006338179,0.0,0.0007162305992096663
1778194858.212,3533.968,1002.4625854492188,0.0,45.8,91.46125030517578,-0.002095487667247653,0.0,0.000629945658147335
1778194859.215,3534.971,1002.4423217773438,0.0,45.8,91.33177947998047,-0.0015095809940248728,0.0,0.000444444187451154
1778194860.218,3535.975,1002.4623413085938,0.0,45.81,91.31063079833984,-0.0015691984444856644,0.0,0.0008863052353262901
1778194861.221,3536.978,1002.4345703125,0.0,45.81,91.40047454833984,-0.0016506253741681576,0.0,0.00012860445713158697
1778194862.224,3537.980,1002.4796752929688,0.0,45.81,91.27100372314453,-0.0010874738218262792,0.0,0.0008923222194425762
1778194863.227,3538.983,1002.444580078125,0.0,45.81,91.37933349609375,-0.0012251747539266944,0.0,0.0006732401670888066
1778194864.230,3539.986,1002.4446411132812,0.0,45.81,91.35820007324219,-0.0011665738420560956,0.0,0.0006146458326838911
1778194865.233,3540.989,1002.41943359375,0.0,45.81,91.5933609008789,-0.0005890092579647899,0.0,0.001604374498128891
1778194866.236,3541.992,1002.4644165039062,0.0,45.82,91.52995300292969,-0.0009788362076506019,0.0,0.001238455530256033
1778194867.240,3542.996,1002.4594116210938,0.0,45.81,91.36083984375,-0.0004615278448909521,0.0,0.0010919433552771807
1778194868.242,3543.999,1002.4392700195312,0.0,45.81,91.34234619140625,-0.00023386918473988771,0.0,0.0005776285543106496
1778194869.245,3545.002,1002.4517822265625,0.0,45.82,91.1732406616211,-0.000894148659426719,0.0,0.0003473985707387328
1778194870.249,3546.005,1002.4190673828125,0.0,45.81,91.34498596191406,-0.0014155965764075518,0.0,0.00026380238705314696
1778194871.251,3547.008,1002.4541015625,0.0,45.82,91.0701904296875,-0.0020110781770199537,0.0,0.0007794119883328676
1778194872.255,3548.011,1002.4342651367188,0.0,45.81,91.26307678222656,-0.002808762015774846,0.0,0.000157875896547921
1778194873.258,3549.015,1002.466796875,0.0,45.82,91.34762573242188,-0.0021700412034988403,0.0,0.0007483567460440099
1778194874.211,3549.968,1002.464111328125,0.0,45.82,91.31063079833984,-0.001087258686311543,0.0,0.001948358491063118
1778194875.215,3550.972,1002.4790649414062,0.0,45.83,91.28421783447266,-0.002027187030762434,0.0,0.0015296522760763764
1778194876.219,3551.975,1002.4490356445312,0.0,45.82,91.34762573242188,-0.0014323059003800154,0.0,0.0008081120904535055
1778194877.222,3552.978,1002.4739379882812,0.0,45.83,91.3370590209961,-0.0009165744413621724,0.0,0.0007849104586057365
1778194878.226,3553.983,1002.4817504882812,0.0,45.82,90.96977996826172,-0.0013533647870644927,0.0,0.0008767162798903883
1778194879.229,3554.986,1002.4817504882812,0.0,45.82,91.24458312988281,-0.0018157248850911856,0.0,0.00106747483368963
1778194880.232,3555.988,1002.4490966796875,0.0,45.82,91.17852020263672,-0.0029514285270124674,0.0,0.0006868766504339874
1778194881.235,3556.991,1002.4339599609375,0.0,45.82,91.20494079589844,-0.0017068095039576292,0.0,0.000395128590753302
1778194882.240,3557.996,1002.4743041992188,0.0,45.82,91.30799102783203,-0.0020160197746008635,0.0,0.0009244117536582053
1778194883.246,3559.003,1002.4614868164062,0.0,45.83,91.30799102783203,-0.002281129127368331,0.0,0.00023030757438391447
1778194884.249,3560.006,1002.4214477539062,0.0,45.82,91.66735076904297,-0.0005428844015114009,0.0,0.0005762477521784604
1778194885.252,3561.009,1002.4540405273438,0.0,45.82,91.43482208251953,0.0007336456328630447,0.0,0.0004086430708412081
1778194886.255,3562.012,1002.43896484375,0.0,45.82,91.37141418457031,0.000394942588172853,0.0,0.0004742107121273875
1778194887.208,3562.965,1002.471435546875,0.0,45.83,91.36083984375,-0.00022866230574436486,0.0,0.0009996895678341389
1778194888.211,3563.968,1002.4336547851562,0.0,45.83,91.24458312988281,0.00024243541702162474,0.0,0.0009446285548619926
1778194889.214,3564.971,1002.458984375,0.0,45.83,91.28421783447266,-0.000712801527697593,0.0,0.0006257743807509542
1778194890.217,3565.974,1002.4640502929688,0.0,45.83,91.21023559570312,-0.00156403798609972,0.0,0.0005596618866547942
1778194891.220,3566.977,1002.4616088867188,0.0,45.82,91.07546997070312,-0.001457168604247272,0.0,0.0006286480347625911
1778194892.224,3567.980,1002.4513549804688,0.0,45.83,91.18115997314453,-0.0021306152921169996,0.0,0.0005526342429220676
1778194893.227,3568.984,1002.4712524414062,0.0,45.83,91.52731323242188,-0.0015769716119393706,0.0,0.0009877468692138791
1778194894.232,3569.988,1002.451171875,0.0,45.83,91.69113159179688,-0.0012589226244017482,0.0,0.00034374839742667973
1778194895.235,3570.991,1002.4639892578125,0.0,45.83,91.6012954711914,-0.0005465721478685737,0.0,0.0003485924971755594
1778194896.238,3571.994,1002.4789428710938,0.0,45.83,91.16266632080078,0.00010032407590188086,0.0,0.0003981627814937383
1778194897.241,3572.997,1002.4612426757812,0.0,45.83,91.49559783935547,6.477933311543893e-06,0.0,0.0012412708019837737
1778194898.243,3574.000,1002.4309692382812,0.0,45.83,91.3687744140625,0.0010681945132091641,0.0,0.00101957016158849
1778194899.247,3575.003,1002.4837036132812,0.0,45.83,91.52201843261719,0.0006469590589404106,0.0,0.0010702762519940734
1778194900.251,3576.008,1002.4711303710938,0.0,45.83,91.47710418701172,0.0008577676489949226,0.0,0.0013454280560836196
