time_unix,monotonic,voltage_24v,current_24v,voltage_12v,current_12v,voltage_5v,current_5v
1778193973.157,2648.913,23.04800033569336,0.47999998927116394,12.440000534057617,-0.004000000189989805,5.368000030517578,1.0
1778193974.110,2649.866,23.056001663208008,0.30400002002716064,12.44800090789795,-0.00800000037997961,5.28000020980835,1.0080000162124634
1778193975.112,2650.869,23.04800033569336,0.46400001645088196,12.440000534057617,-0.004000000189989805,5.28000020980835,0.9960000514984131
1778193976.116,2651.873,23.056001663208008,0.2919999957084656,12.416000366210938,-0.004000000189989805,5.368000030517578,1.468000054359436
1778193977.119,2652.875,23.056001663208008,0.2880000174045563,12.408000946044922,0.0,5.368000030517578,0.9160000085830688
1778193978.122,2653.878,23.056001663208008,0.4480000138282776,12.408000946044922,-0.004000000189989805,5.368000030517578,1.4720001220703125
1778193979.124,2654.881,23.056001663208008,0.46000000834465027,12.408000946044922,-0.004000000189989805,5.28000020980835,1.496000051498413
1778193980.127,2655.884,23.056001663208008,0.40799999237060547,12.432000160217285,-0.004000000189989805,5.368000030517578,0.956000030040741
1778193981.130,2656.887,23.04800033569336,0.46400001645088196,12.408000946044922,-0.004000000189989805,5.368000030517578,0.9599999785423279
1778193982.133,2657.889,23.064001083374023,0.2880000174045563,12.440000534057617,-0.004000000189989805,5.368000030517578,0.9120000004768372
1778193983.136,2658.892,23.056001663208008,0.2760000228881836,12.44800090789795,-0.00800000037997961,5.368000030517578,0.9359999895095825
1778193984.139,2659.895,23.04800033569336,0.4560000002384186,12.40000057220459,-0.004000000189989805,5.368000030517578,0.9599999785423279
1778193985.141,2660.898,23.056001663208008,0.31200000643730164,12.392000198364258,-0.004000000189989805,5.28000020980835,1.5560001134872437
1778193986.145,2661.901,23.064001083374023,0.4440000057220459,12.40000057220459,-0.004000000189989805,5.28000020980835,1.1319999694824219
1778193987.148,2662.904,23.04800033569336,0.4440000057220459,12.44800090789795,-0.004000000189989805,5.28000020980835,1.5479999780654907
1778193988.150,2663.907,23.056001663208008,0.3199999928474426,12.408000946044922,-0.004000000189989805,5.368000030517578,0.8920000195503235
1778193989.154,2664.910,23.04800033569336,0.29600000381469727,12.44800090789795,-0.004000000189989805,5.28000020980835,1.0160000324249268
1778193990.157,2665.913,23.056001663208008,0.4560000002384186,12.44800090789795,-0.012000000104308128,5.368000030517578,0.9399999976158142
1778193991.110,2666.867,23.056001663208008,0.2800000011920929,12.44800090789795,-0.00800000037997961,5.368000030517578,0.9440000653266907
1778193992.113,2667.869,23.056001663208008,0.328000009059906,12.416000366210938,-0.004000000189989805,5.368000030517578,0.9399999976158142
1778193993.116,2668.872,23.056001663208008,0.3400000035762787,12.408000946044922,-0.004000000189989805,5.368000030517578,0.9639999866485596
1778193994.119,2669.876,23.056001663208008,0.328000009059906,12.408000946044922,-0.004000000189989805,5.368000030517578,0.9599999785423279
1778193995.122,2670.879,23.056001663208008,0.3840000033378601,12.432000160217285,-0.004000000189989805,5.28000020980835,0.9720000624656677
1778193996.125,2671.882,23.056001663208008,0.35600000619888306,12.408000946044922,-0.004000000189989805,5.28000020980835,0.9840000867843628
1778193997.128,2672.884,23.04800033569336,0.3880000114440918,12.432000160217285,-0.004000000189989805,5.28000020980835,1.1640000343322754
1778193998.131,2673.887,23.056001663208008,0.36000001430511475,12.40000057220459,-0.004000000189989805,5.28000020980835,1.040000081062317
1778193999.134,2674.890,23.056001663208008,0.3720000088214874,12.40000057220459,-0.004000000189989805,5.28000020980835,1.720000147819519
1778194000.137,2675.893,23.056001663208008,0.3800000250339508,12.456000328063965,-0.004000000189989805,5.28000020980835,1.0040000677108765
1778194001.139,2676.896,23.04800033569336,0.3800000250339508,12.440000534057617,-0.004000000189989805,5.28000020980835,0.9800000190734863
1778194002.144,2677.900,23.056001663208008,0.3680000305175781,12.408000946044922,-0.004000000189989805,5.28000020980835,0.9879999756813049
1778194003.146,2678.903,23.04800033569336,0.3680000305175781,12.44800090789795,-0.00800000037997961,5.28000020980835,0.9920000433921814
1778194004.149,2679.906,23.04800033569336,0.3680000305175781,12.440000534057617,-0.004000000189989805,5.28000020980835,1.6440000534057617
1778194005.152,2680.909,23.04800033569336,0.3800000250339508,12.40000057220459,-0.004000000189989805,5.28000020980835,1.0360000133514404
1778194006.155,2681.912,23.040000915527344,0.5400000214576721,12.42400074005127,-0.004000000189989805,5.368000030517578,0.9479999542236328
1778194007.159,2682.915,23.056001663208008,0.35199999809265137,12.44800090789795,-0.00800000037997961,5.368000030517578,0.9120000004768372
1778194008.111,2683.868,23.056001663208008,0.35600000619888306,12.440000534057617,-0.004000000189989805,5.368000030517578,0.9160000085830688
1778194009.114,2684.871,23.04800033569336,0.3720000088214874,12.416000366210938,-0.004000000189989805,5.368000030517578,0.968000054359436
1778194010.118,2685.874,23.04800033569336,0.35600000619888306,12.456000328063965,-0.00800000037997961,5.368000030517578,1.0
1778194011.121,2686.877,23.056001663208008,0.36400002241134644,12.416000366210938,-0.004000000189989805,5.368000030517578,0.956000030040741
1778194012.123,2687.880,23.04800033569336,0.5520000457763672,12.408000946044922,-0.004000000189989805,5.368000030517578,0.9639999866485596
1778194013.126,2688.883,23.04800033569336,0.343999981880188,12.44800090789795,-0.00800000037997961,5.360000133514404,0.9200000166893005
1778194014.129,2689.886,23.04800033569336,0.36400002241134644,12.408000946044922,-0.004000000189989805,5.368000030517578,0.9599999785423279
1778194015.132,2690.888,23.04800033569336,0.3720000088214874,12.40000057220459,-0.004000000189989805,5.368000030517578,0.9359999895095825
1778194016.135,2691.891,23.04800033569336,0.3840000033378601,12.440000534057617,-0.004000000189989805,5.28000020980835,0.9840000867843628
1778194017.138,2692.894,23.040000915527344,0.5440000295639038,12.440000534057617,-0.004000000189989805,5.28000020980835,1.6039999723434448
1778194018.141,2693.897,23.04800033569336,0.3760000169277191,12.440000534057617,-0.004000000189989805,5.368000030517578,0.9520000219345093
1778194019.143,2694.900,23.040000915527344,0.5520000457763672,12.416000366210938,-0.004000000189989805,5.28000020980835,1.6080000400543213
1778194020.147,2695.903,23.04800033569336,0.3680000305175781,12.408000946044922,-0.004000000189989805,5.368000030517578,0.9800000190734863
1778194021.149,2696.906,23.040000915527344,0.46400001645088196,12.408000946044922,-0.004000000189989805,5.28000020980835,1.6039999723434448
1778194022.153,2697.909,23.04800033569336,0.3479999899864197,12.416000366210938,-0.004000000189989805,5.368000030517578,0.8840000629425049
1778194023.155,2698.912,23.040000915527344,0.5479999780654907,12.440000534057617,-0.00800000037997961,5.368000030517578,1.2120000123977661
1778194024.159,2699.915,23.04800033569336,0.3680000305175781,12.416000366210938,-0.004000000189989805,5.368000030517578,0.9479999542236328
1778194025.112,2700.868,23.04800033569336,0.36400002241134644,12.440000534057617,-0.004000000189989805,5.28000020980835,1.6319999694824219
1778194026.114,2701.871,23.040000915527344,0.5600000023841858,12.44800090789795,-0.004000000189989805,5.368000030517578,0.9720000624656677
1778194027.117,2702.874,23.04800033569336,0.35600000619888306,12.44800090789795,-0.004000000189989805,5.368000030517578,1.540000081062317
1778194028.120,2703.877,23.040000915527344,0.5320000052452087,12.44800090789795,-0.004000000189989805,5.368000030517578,0.8960000276565552
1778194029.123,2704.880,23.04800033569336,0.3680000305175781,12.416000366210938,-0.004000000189989805,5.28000020980835,0.9520000219345093
1778194030.126,2705.883,23.04800033569336,0.36400002241134644,12.44800090789795,-0.004000000189989805,5.320000171661377,1.5920000076293945
1778194031.129,2706.885,23.04800033569336,0.3400000035762787,12.44800090789795,-0.004000000189989805,5.28000020980835,1.5520000457763672
1778194032.131,2707.888,23.040000915527344,0.5320000052452087,12.44800090789795,-0.00800000037997961,5.360000133514404,0.8880000114440918
1778194033.134,2708.891,23.040000915527344,0.47600001096725464,12.456000328063965,-0.00800000037997961,5.368000030517578,0.8920000195503235
1778194034.137,2709.893,23.04800033569336,0.4880000054836273,12.456000328063965,-0.004000000189989805,5.368000030517578,0.9479999542236328
1778194035.140,2710.897,23.04800033569336,0.36400002241134644,12.416000366210938,-0.004000000189989805,5.28000020980835,1.6039999723434448
1778194036.143,2711.899,23.04800033569336,0.3479999899864197,12.40000057220459,-0.004000000189989805,5.368000030517578,1.156000018119812
1778194037.146,2712.903,23.04800033569336,0.36400002241134644,12.408000946044922,-0.004000000189989805,5.368000030517578,1.6279999017715454
1778194038.150,2713.906,23.040000915527344,0.5600000023841858,12.408000946044922,0.0,5.28000020980835,0.9479999542236328
1778194039.152,2714.909,23.04800033569336,0.5520000457763672,12.408000946044922,-0.004000000189989805,5.28000020980835,1.6080000400543213
1778194040.156,2715.912,23.04800033569336,0.36000001430511475,12.416000366210938,-0.004000000189989805,5.368000030517578,0.9599999785423279
1778194041.159,2716.915,23.04800033569336,0.3720000088214874,12.408000946044922,-0.004000000189989805,5.28000020980835,0.9840000867843628
1778194042.111,2717.868,23.040000915527344,0.36000001430511475,12.440000534057617,-0.004000000189989805,5.368000030517578,0.9080000519752502
1778194043.115,2718.871,23.04800033569336,0.3840000033378601,12.432000160217285,-0.004000000189989805,5.336000442504883,0.9520000219345093
1778194044.118,2719.874,23.04800033569336,0.5440000295639038,12.408000946044922,0.0,5.28000020980835,1.5720000267028809
1778194045.121,2720.878,23.040000915527344,0.3720000088214874,12.408000946044922,-0.004000000189989805,5.28000020980835,0.9960000514984131
1778194046.124,2721.880,23.04800033569336,0.5320000052452087,12.40000057220459,-0.004000000189989805,5.304000377655029,1.5720000267028809
1778194047.127,2722.883,23.040000915527344,0.5400000214576721,12.40000057220459,-0.004000000189989805,5.368000030517578,0.9359999895095825
1778194048.130,2723.887,23.04800033569336,0.35600000619888306,12.408000946044922,-0.004000000189989805,5.368000030517578,0.9359999895095825
1778194049.133,2724.889,23.040000915527344,0.3760000169277191,12.408000946044922,-0.004000000189989805,5.28000020980835,1.6039999723434448
1778194050.136,2725.892,23.04800033569336,0.47600001096725464,12.408000946044922,-0.004000000189989805,5.28000020980835,1.0240000486373901
1778194051.139,2726.895,23.040000915527344,0.5400000214576721,12.40000057220459,0.0,5.28000020980835,0.9359999895095825
1778194052.142,2727.898,23.040000915527344,0.36000001430511475,12.408000946044922,-0.004000000189989805,5.28000020980835,1.5799999237060547
1778194053.144,2728.901,23.04800033569336,0.3680000305175781,12.42400074005127,-0.004000000189989805,5.368000030517578,0.9359999895095825
1778194054.147,2729.903,23.040000915527344,0.3680000305175781,12.44800090789795,-0.004000000189989805,5.28000020980835,0.9720000624656677
1778194055.150,2730.907,23.04800033569336,0.5479999780654907,12.416000366210938,-0.004000000189989805,5.28000020980835,1.0320000648498535
1778194056.153,2731.910,23.04800033569336,0.3720000088214874,12.456000328063965,-0.004000000189989805,5.28000020980835,1.4040000438690186
1778194057.156,2732.912,23.04800033569336,0.35199999809265137,12.44800090789795,-0.004000000189989805,5.368000030517578,1.0440000295639038
1778194058.159,2733.915,23.032001495361328,0.41999998688697815,12.408000946044922,-0.004000000189989805,5.28000020980835,1.5640000104904175
1778194059.111,2734.868,23.04800033569336,0.36000001430511475,12.408000946044922,-0.004000000189989805,5.368000030517578,0.9440000653266907
1778194060.115,2735.872,23.032001495361328,0.5400000214576721,12.40000057220459,-0.004000000189989805,5.28000020980835,1.5640000104904175
1778194061.119,2736.875,23.04800033569336,0.36400002241134644,12.408000946044922,-0.004000000189989805,5.368000030517578,0.8960000276565552
1778194062.121,2737.878,23.04800033569336,0.3479999899864197,12.408000946044922,-0.004000000189989805,5.368000030517578,0.8840000629425049
1778194063.124,2738.881,23.04800033569336,0.3479999899864197,12.40000057220459,-0.004000000189989805,5.368000030517578,0.8880000114440918
1778194064.127,2739.884,23.040000915527344,0.5120000243186951,12.40000057220459,-0.004000000189989805,5.28000020980835,0.968000054359436
1778194065.130,2740.887,23.040000915527344,0.36400002241134644,12.40000057220459,-0.004000000189989805,5.28000020980835,1.5720000267028809
1778194066.133,2741.890,23.04800033569336,0.343999981880188,12.42400074005127,-0.004000000189989805,5.368000030517578,0.8799999952316284
1778194067.136,2742.893,23.032001495361328,0.5479999780654907,12.456000328063965,-0.00800000037997961,5.2960004806518555,1.5560001134872437
1778194068.140,2743.897,23.040000915527344,0.36400002241134644,12.432000160217285,-0.004000000189989805,5.368000030517578,0.9479999542236328
1778194069.143,2744.900,23.040000915527344,0.41200003027915955,12.440000534057617,-0.004000000189989805,5.28000020980835,1.1439999341964722
1778194070.146,2745.903,23.040000915527344,0.36000001430511475,12.440000534057617,-0.004000000189989805,5.368000030517578,1.5040000677108765
1778194071.149,2746.906,23.040000915527344,0.36400002241134644,12.416000366210938,-0.004000000189989805,5.368000030517578,0.8880000114440918
1778194072.152,2747.909,23.040000915527344,0.3720000088214874,12.40000057220459,-0.004000000189989805,5.28000020980835,0.9760000109672546
1778194073.156,2748.912,23.040000915527344,0.3720000088214874,12.440000534057617,-0.004000000189989805,5.368000030517578,0.9840000867843628
1778194074.159,2749.916,23.040000915527344,0.3760000169277191,12.408000946044922,-0.004000000189989805,5.368000030517578,0.9920000433921814
1778194075.112,2750.869,23.040000915527344,0.3680000305175781,12.408000946044922,-0.004000000189989805,5.28000020980835,1.0240000486373901
1778194076.115,2751.871,23.040000915527344,0.36000001430511475,12.440000534057617,-0.004000000189989805,5.368000030517578,0.9160000085830688
1778194077.118,2752.874,23.040000915527344,0.3720000088214874,12.408000946044922,0.0,5.368000030517578,0.9760000109672546
1778194078.122,2753.878,23.040000915527344,0.3840000033378601,12.408000946044922,-0.004000000189989805,5.28000020980835,1.596000075340271
1778194079.124,2754.881,23.040000915527344,0.3840000033378601,12.432000160217285,-0.004000000189989805,5.37600040435791,0.968000054359436
1778194080.127,2755.884,23.040000915527344,0.3680000305175781,12.408000946044922,-0.004000000189989805,5.28000020980835,0.9800000190734863
1778194081.130,2756.887,23.040000915527344,0.3680000305175781,12.440000534057617,-0.004000000189989805,5.28000020980835,0.9800000190734863
1778194082.133,2757.890,23.040000915527344,0.3680000305175781,12.440000534057617,-0.004000000189989805,5.28000020980835,0.9960000514984131
1778194083.136,2758.893,23.040000915527344,0.3680000305175781,12.456000328063965,-0.004000000189989805,5.28000020980835,1.6480001211166382
1778194084.139,2759.895,23.032001495361328,0.3720000088214874,12.408000946044922,-0.004000000189989805,5.28000020980835,0.9760000109672546
1778194085.142,2760.898,23.032001495361328,0.5559999942779541,12.408000946044922,0.0,5.336000442504883,0.9800000190734863
1778194086.144,2761.901,23.040000915527344,0.3760000169277191,12.416000366210938,-0.004000000189989805,5.28000020980835,1.0
1778194087.147,2762.904,23.040000915527344,0.36400002241134644,12.44800090789795,-0.004000000189989805,5.28000020980835,1.559999942779541
1778194088.150,2763.907,23.040000915527344,0.3760000169277191,12.40000057220459,-0.004000000189989805,5.28000020980835,0.9840000867843628
1778194089.153,2764.910,23.032001495361328,0.5520000457763672,12.416000366210938,-0.004000000189989805,5.28000020980835,1.1080000400543213
1778194090.156,2765.912,23.040000915527344,0.36400002241134644,12.44800090789795,-0.00800000037997961,5.368000030517578,0.9440000653266907
1778194091.159,2766.916,23.040000915527344,0.5160000324249268,12.456000328063965,-0.004000000189989805,5.28000020980835,1.5839999914169312
1778194092.112,2767.868,23.032001495361328,0.40000003576278687,12.440000534057617,-0.004000000189989805,5.28000020980835,1.0479999780654907
1778194093.115,2768.871,23.032001495361328,0.5520000457763672,12.42400074005127,-0.004000000189989805,5.28000020980835,1.3200000524520874
1778194094.118,2769.874,23.040000915527344,0.3760000169277191,12.40000057220459,-0.004000000189989805,5.28000020980835,0.9920000433921814
1778194095.121,2770.877,23.032001495361328,0.3959999978542328,12.416000366210938,-0.004000000189989805,5.28000020980835,1.6039999723434448
1778194096.124,2771.880,23.040000915527344,0.35600000619888306,12.44800090789795,-0.00800000037997961,5.368000030517578,0.9120000004768372
1778194097.127,2772.883,23.032001495361328,0.5360000133514404,12.408000946044922,-0.004000000189989805,5.368000030517578,0.9239999651908875
1778194098.130,2773.886,23.040000915527344,0.3680000305175781,12.408000946044922,-0.004000000189989805,5.28000020980835,1.6000001430511475
1778194099.133,2774.889,23.040000915527344,0.3720000088214874,12.440000534057617,-0.004000000189989805,5.28000020980835,1.596000075340271
1778194100.135,2775.892,23.040000915527344,0.3680000305175781,12.456000328063965,-0.00800000037997961,5.28000020980835,1.656000018119812
1778194101.138,2776.895,23.040000915527344,0.3720000088214874,12.392000198364258,-0.004000000189989805,5.28000020980835,1.559999942779541
1778194102.141,2777.897,23.032001495361328,0.5280000567436218,12.408000946044922,-0.004000000189989805,5.28000020980835,1.540000081062317
1778194103.144,2778.900,23.040000915527344,0.3479999899864197,12.416000366210938,-0.004000000189989805,5.368000030517578,0.9160000085830688
1778194104.147,2779.903,23.032001495361328,0.36000001430511475,12.440000534057617,-0.004000000189989805,5.28000020980835,1.252000093460083
1778194105.150,2780.906,23.040000915527344,0.3760000169277191,12.44800090789795,-0.00800000037997961,5.368000030517578,1.2799999713897705
1778194106.153,2781.910,23.040000915527344,0.5280000567436218,12.40000057220459,-0.004000000189989805,5.368000030517578,1.5040000677108765
1778194107.156,2782.912,23.032001495361328,0.343999981880188,12.42400074005127,-0.004000000189989805,5.28000020980835,1.527999997138977
1778194108.109,2783.866,23.040000915527344,0.5040000081062317,12.408000946044922,-0.004000000189989805,5.368000030517578,0.8920000195503235
1778194109.113,2784.870,23.032001495361328,0.3720000088214874,12.408000946044922,-0.004000000189989805,5.368000030517578,0.9440000653266907
1778194110.116,2785.873,23.040000915527344,0.36000001430511475,12.416000366210938,-0.004000000189989805,5.368000030517578,0.9639999866485596
1778194111.119,2786.876,23.032001495361328,0.5280000567436218,12.408000946044922,0.0,5.368000030517578,0.9440000653266907
1778194112.122,2787.878,23.040000915527344,0.3479999899864197,12.408000946044922,0.0,5.368000030517578,0.9399999976158142
1778194113.125,2788.881,23.032001495361328,0.5440000295639038,12.408000946044922,-0.004000000189989805,5.28000020980835,0.8880000114440918
1778194114.128,2789.884,23.040000915527344,0.36000001430511475,12.408000946044922,-0.004000000189989805,5.28000020980835,1.444000005722046
1778194115.130,2790.887,23.032001495361328,0.3680000305175781,12.408000946044922,-0.004000000189989805,5.368000030517578,1.0160000324249268
1778194116.133,2791.890,23.032001495361328,0.3920000195503235,12.440000534057617,-0.004000000189989805,5.28000020980835,1.5839999914169312
1778194117.136,2792.892,23.040000915527344,0.343999981880188,12.44800090789795,-0.00800000037997961,5.368000030517578,0.9200000166893005
1778194118.139,2793.895,23.02400016784668,0.5479999780654907,12.440000534057617,-0.004000000189989805,5.28000020980835,1.5760000944137573
1778194119.141,2794.898,23.040000915527344,0.3680000305175781,12.44800090789795,-0.00800000037997961,5.28000020980835,0.9920000433921814
1778194120.144,2795.901,23.032001495361328,0.41200003027915955,12.408000946044922,-0.004000000189989805,5.28000020980835,1.568000078201294
1778194121.147,2796.904,23.032001495361328,0.3720000088214874,12.392000198364258,-0.004000000189989805,5.368000030517578,1.0240000486373901
1778194122.150,2797.907,23.02400016784668,0.5479999780654907,12.432000160217285,-0.004000000189989805,5.28000020980835,1.5880000591278076
1778194123.153,2798.910,23.032001495361328,0.3720000088214874,12.40000057220459,-0.004000000189989805,5.28000020980835,0.9840000867843628
1778194124.156,2799.913,23.02400016784668,0.5520000457763672,12.40000057220459,-0.004000000189989805,5.28000020980835,1.6000001430511475
1778194125.159,2800.916,23.032001495361328,0.3760000169277191,12.42400074005127,-0.004000000189989805,5.28000020980835,0.9960000514984131
1778194126.112,2801.869,23.040000915527344,0.35600000619888306,12.40000057220459,-0.004000000189989805,5.28000020980835,1.5200001001358032
1778194127.116,2802.872,23.032001495361328,0.3720000088214874,12.408000946044922,-0.004000000189989805,5.28000020980835,0.968000054359436
1778194128.118,2803.875,23.02400016784668,0.4880000054836273,12.40000057220459,-0.004000000189989805,5.28000020980835,1.5839999914169312
1778194129.122,2804.878,23.032001495361328,0.36400002241134644,12.408000946044922,-0.004000000189989805,5.28000020980835,1.0
1778194130.124,2805.881,23.032001495361328,0.5440000295639038,12.40000057220459,-0.004000000189989805,5.28000020980835,1.1080000400543213
1778194131.127,2806.883,23.040000915527344,0.35199999809265137,12.40000057220459,-0.004000000189989805,5.368000030517578,0.9120000004768372
1778194132.130,2807.886,23.032001495361328,0.36000001430511475,12.44800090789795,-0.00800000037997961,5.28000020980835,1.5240000486373901
1778194133.132,2808.889,23.032001495361328,0.5200000405311584,12.432000160217285,-0.004000000189989805,5.360000133514404,0.9320000410079956
1778194134.135,2809.892,23.032001495361328,0.36400002241134644,12.408000946044922,-0.004000000189989805,5.368000030517578,0.956000030040741
1778194135.138,2810.895,23.02400016784668,0.5479999780654907,12.392000198364258,-0.004000000189989805,5.368000030517578,0.9720000624656677
1778194136.141,2811.897,23.032001495361328,0.36400002241134644,12.44800090789795,-0.004000000189989805,5.360000133514404,0.9520000219345093
1778194137.144,2812.900,23.032001495361328,0.5,12.440000534057617,-0.004000000189989805,5.28000020980835,1.5080000162124634
1778194138.146,2813.903,23.040000915527344,0.3479999899864197,12.416000366210938,-0.004000000189989805,5.28000020980835,1.2760000228881836
1778194139.150,2814.907,23.02400016784668,0.5360000133514404,12.40000057220459,-0.004000000189989805,5.360000133514404,1.4639999866485596
1778194140.153,2815.909,23.032001495361328,0.3680000305175781,12.44800090789795,-0.00800000037997961,5.37600040435791,0.9200000166893005
1778194141.156,2816.912,23.032001495361328,0.36000001430511475,12.44800090789795,-0.00800000037997961,5.368000030517578,0.9720000624656677
1778194142.159,2817.915,23.032001495361328,0.36000001430511475,12.44800090789795,-0.004000000189989805,5.368000030517578,0.9760000109672546
1778194143.112,2818.868,23.02400016784668,0.3880000114440918,12.44800090789795,-0.004000000189989805,5.28000020980835,1.0240000486373901
1778194144.115,2819.872,23.032001495361328,0.3880000114440918,12.440000534057617,-0.004000000189989805,5.28000020980835,1.5880000591278076
1778194145.118,2820.875,23.032001495361328,0.5680000185966492,12.440000534057617,-0.004000000189989805,5.28000020980835,0.9960000514984131
1778194146.121,2821.878,23.032001495361328,0.3720000088214874,12.40000057220459,-0.004000000189989805,5.28000020980835,1.5240000486373901
1778194147.124,2822.881,23.032001495361328,0.5479999780654907,12.456000328063965,-0.004000000189989805,5.28000020980835,0.9879999756813049
1778194148.127,2823.883,23.032001495361328,0.35600000619888306,12.44800090789795,-0.004000000189989805,5.28000020980835,1.5440000295639038
1778194149.130,2824.886,23.02400016784668,0.5520000457763672,12.44800090789795,-0.00800000037997961,5.28000020980835,1.0440000295639038
1778194150.133,2825.890,23.032001495361328,0.47200003266334534,12.408000946044922,-0.004000000189989805,5.28000020980835,0.9960000514984131
1778194151.136,2826.892,23.032001495361328,0.5400000214576721,12.40000057220459,-0.004000000189989805,5.368000030517578,0.9200000166893005
1778194152.139,2827.896,23.032001495361328,0.3479999899864197,12.416000366210938,-0.004000000189989805,5.28000020980835,1.0040000677108765
1778194153.142,2828.899,23.032001495361328,0.3800000250339508,12.40000057220459,-0.004000000189989805,5.28000020980835,1.596000075340271
1778194154.145,2829.902,23.032001495361328,0.3720000088214874,12.40000057220459,-0.004000000189989805,5.28000020980835,1.6319999694824219
1778194155.148,2830.905,23.02400016784668,0.5479999780654907,12.40000057220459,-0.004000000189989805,5.28000020980835,1.100000023841858
1778194156.151,2831.907,23.032001495361328,0.3880000114440918,12.416000366210938,-0.004000000189989805,5.28000020980835,1.0200001001358032
1778194157.154,2832.910,23.02400016784668,0.5640000104904175,12.44800090789795,-0.004000000189989805,5.28000020980835,1.0160000324249268
1778194158.157,2833.913,23.032001495361328,0.3680000305175781,12.440000534057617,-0.004000000189989805,5.28000020980835,0.9879999756813049
1778194159.109,2834.866,23.02400016784668,0.36400002241134644,12.456000328063965,-0.00800000037997961,5.28000020980835,1.4040000438690186
1778194160.112,2835.869,23.032001495361328,0.3800000250339508,12.432000160217285,-0.004000000189989805,5.28000020980835,1.6319999694824219
1778194161.115,2836.871,23.032001495361328,0.5320000052452087,12.408000946044922,0.0,5.28000020980835,1.6000001430511475
1778194162.118,2837.875,23.032001495361328,0.3479999899864197,12.44800090789795,-0.004000000189989805,5.368000030517578,0.9280000329017639
1778194163.121,2838.877,23.032001495361328,0.343999981880188,12.44800090789795,-0.00800000037997961,5.28000020980835,1.3079999685287476
1778194164.125,2839.881,23.032001495361328,0.3720000088214874,12.408000946044922,-0.004000000189989805,5.37600040435791,0.9960000514984131
1778194165.128,2840.884,23.02400016784668,0.5600000023841858,12.408000946044922,-0.004000000189989805,5.368000030517578,0.9840000867843628
1778194166.131,2841.887,23.032001495361328,0.35199999809265137,12.44800090789795,-0.00800000037997961,5.368000030517578,1.5479999780654907
1778194167.134,2842.890,23.032001495361328,0.36400002241134644,12.408000946044922,-0.004000000189989805,5.368000030517578,0.968000054359436
1778194168.137,2843.893,23.032001495361328,0.5400000214576721,12.42400074005127,-0.004000000189989805,5.368000030517578,1.24399995803833
1778194169.140,2844.896,23.02400016784668,0.5520000457763672,12.44800090789795,-0.004000000189989805,5.28000020980835,1.027999997138977
1778194170.143,2845.899,23.032001495361328,0.3680000305175781,12.44800090789795,-0.00800000037997961,5.28000020980835,1.0160000324249268
1778194171.146,2846.902,23.02400016784668,0.35199999809265137,12.440000534057617,-0.004000000189989805,5.368000030517578,0.9160000085830688
1778194172.149,2847.905,23.032001495361328,0.36400002241134644,12.408000946044922,-0.004000000189989805,5.28000020980835,1.5799999237060547
1778194173.151,2848.908,23.032001495361328,0.35600000619888306,12.440000534057617,-0.004000000189989805,5.37600040435791,0.9639999866485596
1778194174.154,2849.911,23.032001495361328,0.5640000104904175,12.416000366210938,-0.004000000189989805,5.28000020980835,1.0200001001358032
1778194175.157,2850.914,23.032001495361328,0.3720000088214874,12.432000160217285,-0.004000000189989805,5.28000020980835,1.0
1778194176.110,2851.867,23.032001495361328,0.3840000033378601,12.416000366210938,-0.004000000189989805,5.28000020980835,1.0240000486373901
1778194177.113,2852.869,23.032001495361328,0.3800000250339508,12.432000160217285,-0.004000000189989805,5.28000020980835,1.027999997138977
1778194178.116,2853.872,23.032001495361328,0.3720000088214874,12.408000946044922,-0.004000000189989805,5.37600040435791,0.9599999785423279
1778194179.119,2854.875,23.032001495361328,0.3800000250339508,12.440000534057617,-0.004000000189989805,5.312000274658203,0.9879999756813049
1778194180.122,2855.879,23.032001495361328,0.3680000305175781,12.44800090789795,-0.00800000037997961,5.28000020980835,1.624000072479248
1778194181.125,2856.881,23.02400016784668,0.3760000169277191,12.40000057220459,-0.004000000189989805,5.368000030517578,0.9840000867843628
1778194182.128,2857.884,23.016000747680664,0.5600000023841858,12.44800090789795,-0.00800000037997961,5.28000020980835,1.5839999914169312
1778194183.130,2858.887,23.032001495361328,0.36400002241134644,12.440000534057617,-0.004000000189989805,5.328000068664551,0.968000054359436
1778194184.133,2859.890,23.032001495361328,0.36400002241134644,12.40000057220459,-0.004000000189989805,5.368000030517578,0.9479999542236328
1778194185.137,2860.893,23.032001495361328,0.3680000305175781,12.44800090789795,-0.004000000189989805,5.368000030517578,0.9840000867843628
1778194186.139,2861.896,23.032001495361328,0.3760000169277191,12.40000057220459,-0.004000000189989805,5.368000030517578,0.9920000433921814
1778194187.142,2862.899,23.032001495361328,0.36400002241134644,12.44800090789795,-0.012000000104308128,5.368000030517578,0.9320000410079956
1778194188.145,2863.901,23.032001495361328,0.3720000088214874,12.408000946044922,-0.004000000189989805,5.368000030517578,0.9359999895095825
1778194189.148,2864.904,23.02400016784668,0.3840000033378601,12.440000534057617,-0.004000000189989805,5.368000030517578,0.968000054359436
1778194190.150,2865.907,23.032001495361328,0.36400002241134644,12.40000057220459,-0.004000000189989805,5.37600040435791,0.9520000219345093
1778194191.153,2866.910,23.02400016784668,0.3760000169277191,12.408000946044922,-0.004000000189989805,5.28000020980835,0.9879999756813049
1778194192.156,2867.913,23.016000747680664,0.5600000023841858,12.416000366210938,-0.004000000189989805,5.28000020980835,1.6399999856948853
1778194193.109,2868.865,23.02400016784668,0.46400001645088196,12.432000160217285,-0.004000000189989805,5.28000020980835,0.9879999756813049
1778194194.112,2869.868,23.02400016784668,0.3680000305175781,12.408000946044922,-0.004000000189989805,5.37600040435791,0.9840000867843628
1778194195.115,2870.871,23.02400016784668,0.3680000305175781,12.416000366210938,-0.004000000189989805,5.368000030517578,0.9840000867843628
1778194196.117,2871.874,23.02400016784668,0.3800000250339508,12.440000534057617,-0.004000000189989805,5.28000020980835,1.6480001211166382
1778194197.121,2872.877,23.016000747680664,0.5479999780654907,12.408000946044922,-0.004000000189989805,5.368000030517578,0.9440000653266907
1778194198.123,2873.880,23.016000747680664,0.3959999978542328,12.40000057220459,-0.004000000189989805,5.368000030517578,1.6080000400543213
1778194199.126,2874.883,23.032001495361328,0.36400002241134644,12.416000366210938,-0.004000000189989805,5.368000030517578,0.9639999866485596
1778194200.130,2875.886,23.02400016784668,0.36400002241134644,12.440000534057617,-0.004000000189989805,5.368000030517578,0.9440000653266907
1778194201.132,2876.889,23.02400016784668,0.3880000114440918,12.44800090789795,-0.004000000189989805,5.28000020980835,1.0040000677108765
1778194202.136,2877.892,23.02400016784668,0.3680000305175781,12.40000057220459,-0.004000000189989805,5.28000020980835,1.6039999723434448
1778194203.138,2878.895,23.016000747680664,0.5559999942779541,12.408000946044922,-0.004000000189989805,5.368000030517578,1.25600004196167
1778194204.141,2879.898,23.02400016784668,0.36000001430511475,12.440000534057617,-0.004000000189989805,5.368000030517578,0.9879999756813049
1778194205.144,2880.901,23.016000747680664,0.5520000457763672,12.42400074005127,-0.004000000189989805,5.304000377655029,1.0
1778194206.147,2881.903,23.02400016784668,0.3680000305175781,12.408000946044922,0.0,5.368000030517578,0.9720000624656677
1778194207.150,2882.906,23.02400016784668,0.5440000295639038,12.44800090789795,-0.00800000037997961,5.28000020980835,1.5839999914169312
1778194208.152,2883.909,23.02400016784668,0.3760000169277191,12.408000946044922,-0.004000000189989805,5.28000020980835,1.2040001153945923
1778194209.155,2884.912,23.016000747680664,0.5680000185966492,12.432000160217285,-0.004000000189989805,5.28000020980835,1.6440000534057617
1778194210.158,2885.915,23.02400016784668,0.3680000305175781,12.40000057220459,-0.004000000189989805,5.28000020980835,1.0040000677108765
1778194211.111,2886.868,23.016000747680664,0.5360000133514404,12.40000057220459,-0.004000000189989805,5.28000020980835,0.956000030040741
1778194212.114,2887.870,23.02400016784668,0.3479999899864197,12.440000534057617,-0.004000000189989805,5.368000030517578,0.9160000085830688
1778194213.117,2888.873,23.02400016784668,0.3479999899864197,12.408000946044922,-0.004000000189989805,5.28000020980835,1.540000081062317
1778194214.120,2889.876,23.016000747680664,0.36000001430511475,12.44800090789795,-0.004000000189989805,5.368000030517578,0.9840000867843628
1778194215.123,2890.880,23.02400016784668,0.3720000088214874,12.432000160217285,-0.004000000189989805,5.28000020980835,1.6160000562667847
1778194216.126,2891.883,23.016000747680664,0.5360000133514404,12.40000057220459,-0.004000000189989805,5.368000030517578,0.9359999895095825
1778194217.129,2892.885,23.02400016784668,0.3479999899864197,12.44800090789795,-0.00800000037997961,5.368000030517578,0.8999999761581421
1778194218.131,2893.888,23.02400016784668,0.5360000133514404,12.408000946044922,-0.004000000189989805,5.28000020980835,0.9120000004768372
1778194219.134,2894.891,23.02400016784668,0.3680000305175781,12.44800090789795,-0.004000000189989805,5.28000020980835,1.0479999780654907
1778194220.137,2895.894,23.016000747680664,0.5600000023841858,12.40000057220459,-0.004000000189989805,5.288000106811523,1.624000072479248
1778194221.140,2896.897,23.02400016784668,0.36400002241134644,12.440000534057617,-0.004000000189989805,5.368000030517578,1.596000075340271
1778194222.143,2897.900,23.02400016784668,0.3479999899864197,12.44800090789795,-0.00800000037997961,5.368000030517578,1.5760000944137573
1778194223.146,2898.902,23.016000747680664,0.335999995470047,12.40000057220459,-0.004000000189989805,5.368000030517578,0.8759999871253967
1778194224.149,2899.905,23.016000747680664,0.5479999780654907,12.44800090789795,-0.00800000037997961,5.368000030517578,1.0040000677108765
1778194225.152,2900.909,23.016000747680664,0.5600000023841858,12.44800090789795,-0.012000000104308128,5.28000020980835,1.399999976158142
1778194226.155,2901.912,23.02400016784668,0.3479999899864197,12.40000057220459,-0.004000000189989805,5.368000030517578,0.9039999842643738
1778194227.158,2902.915,23.016000747680664,0.3680000305175781,12.44800090789795,-0.004000000189989805,5.368000030517578,0.8960000276565552
1778194228.111,2903.868,23.02400016784668,0.5360000133514404,12.44800090789795,-0.004000000189989805,5.368000030517578,1.5560001134872437
1778194229.114,2904.871,23.02400016784668,0.3720000088214874,12.40000057220459,-0.004000000189989805,5.28000020980835,0.9879999756813049
1778194230.117,2905.874,23.016000747680664,0.5600000023841858,12.408000946044922,-0.004000000189989805,5.28000020980835,1.6080000400543213
1778194231.120,2906.876,23.016000747680664,0.4519999921321869,12.408000946044922,-0.004000000189989805,5.368000030517578,0.9120000004768372
1778194232.124,2907.880,23.02400016784668,0.5479999780654907,12.432000160217285,-0.004000000189989805,5.368000030517578,0.9599999785423279
1778194233.127,2908.883,23.02400016784668,0.35199999809265137,12.44800090789795,-0.004000000189989805,5.368000030517578,0.9120000004768372
1778194234.129,2909.886,23.02400016784668,0.3720000088214874,12.440000534057617,-0.004000000189989805,5.28000020980835,1.0320000648498535
1778194235.132,2910.889,23.02400016784668,0.3720000088214874,12.456000328063965,-0.004000000189989805,5.28000020980835,1.0200001001358032
1778194236.135,2911.891,23.016000747680664,0.5600000023841858,12.408000946044922,-0.004000000189989805,5.28000020980835,1.6080000400543213
1778194237.138,2912.894,23.016000747680664,0.36000001430511475,12.440000534057617,-0.004000000189989805,5.368000030517578,0.9920000433921814
1778194238.141,2913.898,23.016000747680664,0.5440000295639038,12.44800090789795,-0.00800000037997961,5.28000020980835,1.5560001134872437
1778194239.144,2914.900,23.02400016784668,0.3720000088214874,12.416000366210938,-0.004000000189989805,5.28000020980835,1.6279999017715454
1778194240.147,2915.903,23.02400016784668,0.4240000247955322,12.440000534057617,-0.004000000189989805,5.28000020980835,1.0200001001358032
1778194241.149,2916.906,23.02400016784668,0.36400002241134644,12.416000366210938,-0.004000000189989805,5.28000020980835,1.5720000267028809
1778194242.152,2917.909,23.02400016784668,0.3479999899864197,12.42400074005127,-0.004000000189989805,5.368000030517578,0.9039999842643738
1778194243.155,2918.911,23.02400016784668,0.3479999899864197,12.408000946044922,0.0,5.368000030517578,1.527999997138977
1778194244.158,2919.914,23.02400016784668,0.3760000169277191,12.440000534057617,-0.004000000189989805,5.368000030517578,0.9479999542236328
1778194245.111,2920.867,23.02400016784668,0.3680000305175781,12.40000057220459,-0.004000000189989805,5.360000133514404,0.9720000624656677
1778194246.114,2921.870,23.02400016784668,0.36000001430511475,12.416000366210938,-0.004000000189989805,5.368000030517578,0.968000054359436
1778194247.116,2922.873,23.016000747680664,0.5360000133514404,12.440000534057617,-0.004000000189989805,5.368000030517578,0.8799999952316284
1778194248.119,2923.876,23.02400016784668,0.343999981880188,12.44800090789795,-0.004000000189989805,5.360000133514404,0.8720000386238098
1778194249.122,2924.879,23.02400016784668,0.3760000169277191,12.40000057220459,-0.004000000189989805,5.368000030517578,0.968000054359436
1778194250.126,2925.883,23.02400016784668,0.36000001430511475,12.432000160217285,-0.004000000189989805,5.28000020980835,1.5839999914169312
1778194251.129,2926.885,23.02400016784668,0.35600000619888306,12.40000057220459,-0.004000000189989805,5.368000030517578,0.9200000166893005
1778194252.132,2927.888,23.02400016784668,0.35199999809265137,12.40000057220459,-0.004000000189989805,5.28000020980835,1.540000081062317
1778194253.135,2928.892,23.02400016784668,0.3479999899864197,12.432000160217285,-0.004000000189989805,5.368000030517578,0.9280000329017639
1778194254.138,2929.894,23.02400016784668,0.36000001430511475,12.440000534057617,-0.012000000104308128,5.368000030517578,0.9479999542236328
1778194255.141,2930.898,23.016000747680664,0.5479999780654907,12.42400074005127,-0.004000000189989805,5.368000030517578,0.9720000624656677
1778194256.144,2931.900,23.02400016784668,0.36400002241134644,12.392000198364258,-0.004000000189989805,5.28000020980835,1.0080000162124634
1778194257.147,2932.903,23.02400016784668,0.3800000250339508,12.408000946044922,-0.004000000189989805,5.368000030517578,0.9039999842643738
1778194258.150,2933.907,23.02400016784668,0.3720000088214874,12.408000946044922,0.0,5.28000020980835,0.8920000195503235
1778194259.153,2934.909,23.02400016784668,0.3800000250339508,12.44800090789795,-0.00800000037997961,5.368000030517578,1.6200001239776611
1778194260.156,2935.912,23.016000747680664,0.3720000088214874,12.408000946044922,-0.004000000189989805,5.28000020980835,1.1319999694824219
1778194261.159,2936.915,23.02400016784668,0.3680000305175781,12.40000057220459,-0.004000000189989805,5.2960004806518555,1.5920000076293945
1778194262.112,2937.868,23.02400016784668,0.343999981880188,12.40000057220459,-0.004000000189989805,5.368000030517578,0.9120000004768372
1778194263.116,2938.872,23.02400016784668,0.343999981880188,12.42400074005127,-0.004000000189989805,5.28000020980835,1.5320000648498535
1778194264.119,2939.875,23.016000747680664,0.3680000305175781,12.440000534057617,-0.004000000189989805,5.368000030517578,0.9639999866485596
1778194265.121,2940.878,23.00800132751465,0.4519999921321869,12.40000057220459,-0.004000000189989805,5.28000020980835,1.659999966621399
1778194266.124,2941.880,23.016000747680664,0.3680000305175781,12.408000946044922,-0.004000000189989805,5.28000020980835,1.6480001211166382
1778194267.127,2942.883,23.00800132751465,0.5559999942779541,12.40000057220459,-0.004000000189989805,5.28000020980835,0.9960000514984131
1778194268.131,2943.887,23.016000747680664,0.3680000305175781,12.40000057220459,-0.004000000189989805,5.368000030517578,0.9960000514984131
1778194269.133,2944.890,23.00800132751465,0.5559999942779541,12.44800090789795,-0.00800000037997961,5.28000020980835,1.0479999780654907
1778194270.137,2945.893,23.016000747680664,0.3840000033378601,12.40000057220459,-0.004000000189989805,5.28000020980835,1.0440000295639038
1778194271.140,2946.896,23.016000747680664,0.46799999475479126,12.408000946044922,0.0,5.28000020980835,1.6480001211166382
1778194272.142,2947.899,23.016000747680664,0.3760000169277191,12.40000057220459,-0.004000000189989805,5.368000030517578,1.6160000562667847
1778194273.145,2948.902,23.00800132751465,0.5520000457763672,12.40000057220459,-0.004000000189989805,5.368000030517578,1.3480000495910645
1778194274.148,2949.905,23.016000747680664,0.3680000305175781,12.40000057220459,-0.004000000189989805,5.28000020980835,0.9639999866485596
1778194275.151,2950.907,23.00800132751465,0.5520000457763672,12.432000160217285,-0.004000000189989805,5.368000030517578,0.9520000219345093
1778194276.154,2951.910,23.016000747680664,0.36400002241134644,12.44800090789795,-0.00800000037997961,5.368000030517578,1.0080000162124634
1778194277.157,2952.913,23.016000747680664,0.5320000052452087,12.456000328063965,-0.004000000189989805,5.28000020980835,0.9160000085830688
1778194278.109,2953.866,23.016000747680664,0.3720000088214874,12.432000160217285,-0.004000000189989805,5.28000020980835,0.9840000867843628
1778194279.112,2954.869,23.00800132751465,0.46000000834465027,12.440000534057617,-0.00800000037997961,5.28000020980835,1.6440000534057617
1778194280.115,2955.872,23.016000747680664,0.5559999942779541,12.44800090789795,-0.00800000037997961,5.28000020980835,0.9960000514984131
1778194281.119,2956.875,23.00800132751465,0.5600000023841858,12.44800090789795,-0.004000000189989805,5.28000020980835,1.6119999885559082
1778194282.122,2957.878,23.016000747680664,0.3720000088214874,12.408000946044922,-0.004000000189989805,5.28000020980835,1.0040000677108765
1778194283.124,2958.881,23.00800132751465,0.36400002241134644,12.408000946044922,-0.004000000189989805,5.368000030517578,0.9280000329017639
1778194284.127,2959.884,23.00800132751465,0.5640000104904175,12.440000534057617,-0.004000000189989805,5.28000020980835,1.0959999561309814
1778194285.130,2960.887,23.016000747680664,0.3720000088214874,12.42400074005127,-0.004000000189989805,5.28000020980835,1.252000093460083
1778194286.133,2961.890,23.016000747680664,0.5440000295639038,12.42400074005127,-0.004000000189989805,5.2960004806518555,0.9239999651908875
1778194287.136,2962.893,23.016000747680664,0.36000001430511475,12.416000366210938,-0.004000000189989805,5.3520002365112305,0.9120000004768372
1778194288.139,2963.896,23.016000747680664,0.47999998927116394,12.42400074005127,-0.004000000189989805,5.368000030517578,0.8999999761581421
1778194289.142,2964.899,23.016000747680664,0.36400002241134644,12.456000328063965,-0.004000000189989805,5.28000020980835,1.4320000410079956
1778194290.145,2965.901,23.016000747680664,0.5559999942779541,12.40000057220459,-0.004000000189989805,5.28000020980835,1.6000001430511475
1778194291.148,2966.904,23.016000747680664,0.3479999899864197,12.408000946044922,-0.004000000189989805,5.360000133514404,0.9160000085830688
1778194292.151,2967.907,23.016000747680664,0.3479999899864197,12.440000534057617,-0.004000000189989805,5.28000020980835,1.5560001134872437
1778194293.153,2968.910,23.00800132751465,0.35600000619888306,12.440000534057617,-0.00800000037997961,5.28000020980835,0.8999999761581421
1778194294.157,2969.914,23.016000747680664,0.5479999780654907,12.40000057220459,-0.004000000189989805,5.368000030517578,0.9960000514984131
1778194295.110,2970.866,23.00800132751465,0.3680000305175781,12.440000534057617,-0.004000000189989805,5.368000030517578,0.9920000433921814
1778194296.113,2971.870,23.016000747680664,0.3840000033378601,12.40000057220459,-0.004000000189989805,5.368000030517578,0.968000054359436
1778194297.116,2972.872,23.016000747680664,0.3479999899864197,12.408000946044922,-0.004000000189989805,5.28000020980835,1.559999942779541
1778194298.119,2973.875,23.00800132751465,0.5320000052452087,12.440000534057617,-0.004000000189989805,5.360000133514404,1.1119999885559082
1778194299.123,2974.879,23.016000747680664,0.36400002241134644,12.408000946044922,-0.004000000189989805,5.28000020980835,1.6519999504089355
1778194300.125,2975.882,23.00800132751465,0.5520000457763672,12.440000534057617,-0.004000000189989805,5.28000020980835,0.9960000514984131
1778194301.128,2976.885,23.016000747680664,0.343999981880188,12.440000534057617,-0.004000000189989805,5.368000030517578,0.8799999952316284
1778194302.131,2977.888,23.00800132751465,0.5280000567436218,12.40000057220459,-0.004000000189989805,5.28000020980835,0.8920000195503235
1778194303.134,2978.890,23.016000747680664,0.3720000088214874,12.408000946044922,-0.004000000189989805,5.368000030517578,0.9239999651908875
1778194304.137,2979.893,23.00800132751465,0.5680000185966492,12.408000946044922,0.0,5.28000020980835,1.6720000505447388
1778194305.140,2980.896,23.016000747680664,0.3880000114440918,12.440000534057617,-0.004000000189989805,5.37600040435791,1.0
1778194306.143,2981.899,23.00800132751465,0.5479999780654907,12.44800090789795,-0.004000000189989805,5.28000020980835,1.1480000019073486
1778194307.146,2982.902,23.016000747680664,0.3479999899864197,12.44800090789795,-0.00800000037997961,5.37600040435791,1.0080000162124634
1778194308.149,2983.905,23.016000747680664,0.5440000295639038,12.432000160217285,-0.004000000189989805,5.28000020980835,1.5799999237060547
1778194309.152,2984.908,23.016000747680664,0.3720000088214874,12.40000057220459,-0.004000000189989805,5.28000020980835,0.9960000514984131
1778194310.155,2985.911,23.00800132751465,0.40000003576278687,12.432000160217285,-0.004000000189989805,5.28000020980835,1.7080000638961792
1778194311.157,2986.914,23.016000747680664,0.3760000169277191,12.440000534057617,-0.00800000037997961,5.368000030517578,1.3360000848770142
1778194312.110,2987.867,23.016000747680664,0.343999981880188,12.44800090789795,-0.012000000104308128,5.360000133514404,0.8960000276565552
1778194313.113,2988.870,23.016000747680664,0.35600000619888306,12.44800090789795,-0.00800000037997961,5.368000030517578,0.9280000329017639
1778194314.116,2989.872,23.016000747680664,0.3720000088214874,12.40000057220459,-0.004000000189989805,5.28000020980835,1.6640000343322754
1778194315.119,2990.875,23.016000747680664,0.3840000033378601,12.416000366210938,-0.004000000189989805,5.28000020980835,1.0640000104904175
1778194316.122,2991.878,23.016000747680664,0.3680000305175781,12.44800090789795,-0.00800000037997961,5.28000020980835,0.9960000514984131
1778194317.126,2992.882,23.016000747680664,0.36400002241134644,12.432000160217285,-0.004000000189989805,5.368000030517578,0.9239999651908875
1778194318.128,2993.885,23.00800132751465,0.42800000309944153,12.416000366210938,-0.004000000189989805,5.368000030517578,0.8999999761581421
1778194319.131,2994.888,23.00800132751465,0.5400000214576721,12.440000534057617,-0.004000000189989805,5.368000030517578,0.9399999976158142
1778194320.134,2995.891,23.016000747680664,0.5400000214576721,12.44800090789795,-0.004000000189989805,5.28000020980835,1.1160000562667847
1778194321.137,2996.893,23.016000747680664,0.3479999899864197,12.40000057220459,-0.004000000189989805,5.312000274658203,0.9120000004768372
1778194322.140,2997.896,23.016000747680664,0.3479999899864197,12.416000366210938,-0.004000000189989805,5.28000020980835,1.468000054359436
1778194323.143,2998.899,23.016000747680664,0.343999981880188,12.440000534057617,-0.004000000189989805,5.368000030517578,0.8880000114440918
1778194324.146,2999.902,23.00800132751465,0.36000001430511475,12.440000534057617,-0.004000000189989805,5.368000030517578,0.9520000219345093
1778194325.149,3000.906,23.016000747680664,0.3680000305175781,12.40000057220459,-0.004000000189989805,5.368000030517578,0.9760000109672546
1778194326.152,3001.908,23.016000747680664,0.3680000305175781,12.432000160217285,-0.004000000189989805,5.344000339508057,0.956000030040741
1778194327.155,3002.911,23.016000747680664,0.343999981880188,12.456000328063965,-0.004000000189989805,5.368000030517578,0.8920000195503235
1778194328.158,3003.914,23.00800132751465,0.3479999899864197,12.44800090789795,-0.004000000189989805,5.28000020980835,1.2160000801086426
1778194329.110,3004.867,23.000001907348633,0.4960000216960907,12.416000366210938,-0.004000000189989805,5.28000020980835,1.5920000076293945
1778194330.113,3005.870,23.00800132751465,0.5239999890327454,12.40000057220459,-0.004000000189989805,5.28000020980835,1.0
1778194331.116,3006.872,23.000001907348633,0.5440000295639038,12.432000160217285,-0.004000000189989805,5.28000020980835,1.1959999799728394
1778194332.119,3007.876,23.00800132751465,0.3720000088214874,12.432000160217285,-0.004000000189989805,5.28000020980835,1.0160000324249268
1778194333.122,3008.878,23.00800132751465,0.3720000088214874,12.408000946044922,-0.004000000189989805,5.28000020980835,1.6000001430511475
1778194334.125,3009.882,23.00800132751465,0.3680000305175781,12.42400074005127,-0.004000000189989805,5.28000020980835,1.0640000104904175
1778194335.128,3010.885,23.00800132751465,0.36000001430511475,12.440000534057617,-0.004000000189989805,5.28000020980835,1.527999997138977
1778194336.131,3011.888,23.016000747680664,0.35199999809265137,12.44800090789795,-0.00800000037997961,5.28000020980835,1.4840000867843628
1778194337.134,3012.891,23.00800132751465,0.5200000405311584,12.416000366210938,-0.004000000189989805,5.368000030517578,0.9120000004768372
1778194338.137,3013.893,23.00800132751465,0.5160000324249268,12.40000057220459,-0.004000000189989805,5.28000020980835,1.4800000190734863
1778194339.139,3014.896,23.00800132751465,0.5,12.416000366210938,-0.004000000189989805,5.28000020980835,0.9840000867843628
1778194340.142,3015.899,23.000001907348633,0.5440000295639038,12.40000057220459,-0.004000000189989805,5.368000030517578,0.9520000219345093
1778194341.145,3016.902,23.00800132751465,0.36400002241134644,12.440000534057617,-0.004000000189989805,5.28000020980835,1.5240000486373901
1778194342.149,3017.905,23.000001907348633,0.3680000305175781,12.416000366210938,-0.004000000189989805,5.28000020980835,0.9599999785423279
1778194343.151,3018.908,23.00800132751465,0.3720000088214874,12.40000057220459,-0.004000000189989805,5.28000020980835,1.5320000648498535
1778194344.154,3019.911,23.00800132751465,0.3680000305175781,12.432000160217285,-0.004000000189989805,5.368000030517578,0.968000054359436
1778194345.157,3020.914,23.000001907348633,0.5440000295639038,12.44800090789795,-0.00800000037997961,5.368000030517578,0.9440000653266907
1778194346.110,3021.866,23.00800132751465,0.35199999809265137,12.40000057220459,-0.004000000189989805,5.368000030517578,0.8880000114440918
1778194347.113,3022.869,23.00800132751465,0.5239999890327454,12.40000057220459,-0.004000000189989805,5.368000030517578,0.9479999542236328
1778194348.115,3023.872,23.00800132751465,0.36000001430511475,12.40000057220459,-0.004000000189989805,5.368000030517578,0.9599999785423279
1778194349.118,3024.875,23.000001907348633,0.5320000052452087,12.40000057220459,-0.004000000189989805,5.28000020980835,1.5560001134872437
1778194350.121,3025.878,23.00800132751465,0.36400002241134644,12.40000057220459,-0.004000000189989805,5.368000030517578,0.9440000653266907
1778194351.124,3026.881,23.000001907348633,0.5239999890327454,12.40000057220459,-0.004000000189989805,5.368000030517578,0.9599999785423279
1778194352.128,3027.885,23.00800132751465,0.35199999809265137,12.408000946044922,-0.004000000189989805,5.368000030517578,0.8920000195503235
1778194353.131,3028.888,23.000001907348633,0.5400000214576721,12.440000534057617,-0.004000000189989805,5.28000020980835,1.4800000190734863
1778194354.134,3029.890,23.00800132751465,0.3680000305175781,12.44800090789795,-0.00800000037997961,5.28000020980835,0.9879999756813049
1778194355.138,3030.895,23.000001907348633,0.40799999237060547,12.40000057220459,-0.004000000189989805,5.28000020980835,1.5479999780654907
1778194356.141,3031.898,23.00800132751465,0.3720000088214874,12.44800090789795,-0.004000000189989805,5.28000020980835,1.0240000486373901
1778194357.144,3032.901,23.000001907348633,0.5479999780654907,12.40000057220459,-0.004000000189989805,5.28000020980835,1.624000072479248
1778194358.147,3033.904,23.00800132751465,0.3800000250339508,12.432000160217285,-0.004000000189989805,5.28000020980835,0.9840000867843628
1778194359.150,3034.906,23.00800132751465,0.5360000133514404,12.456000328063965,-0.004000000189989805,5.28000020980835,1.5360000133514404
1778194360.153,3035.910,23.00800132751465,0.3800000250339508,12.408000946044922,-0.004000000189989805,5.28000020980835,0.9879999756813049
1778194361.156,3036.912,23.00800132751465,0.3680000305175781,12.44800090789795,-0.00800000037997961,5.28000020980835,1.5479999780654907
1778194362.158,3037.915,23.000001907348633,0.5400000214576721,12.40000057220459,-0.004000000189989805,5.28000020980835,0.9920000433921814
1778194363.112,3038.868,23.000001907348633,0.5040000081062317,12.440000534057617,-0.004000000189989805,5.28000020980835,0.9879999756813049
1778194364.115,3039.871,23.00800132751465,0.5239999890327454,12.440000534057617,-0.004000000189989805,5.28000020980835,1.0
1778194365.118,3040.875,23.00800132751465,0.3800000250339508,12.408000946044922,-0.004000000189989805,5.28000020980835,1.2120000123977661
1778194366.121,3041.878,23.00800132751465,0.3720000088214874,12.456000328063965,-0.004000000189989805,5.28000020980835,1.0040000677108765
1778194367.124,3042.881,23.00800132751465,0.3680000305175781,12.440000534057617,-0.004000000189989805,5.368000030517578,0.9920000433921814
1778194368.128,3043.884,23.000001907348633,0.5239999890327454,12.40000057220459,-0.004000000189989805,5.368000030517578,0.968000054359436
1778194369.130,3044.887,23.00800132751465,0.36400002241134644,12.44800090789795,-0.00800000037997961,5.368000030517578,0.968000054359436
1778194370.134,3045.890,23.000001907348633,0.5360000133514404,12.416000366210938,-0.004000000189989805,5.368000030517578,0.956000030040741
1778194371.137,3046.894,23.00800132751465,0.35600000619888306,12.40000057220459,-0.004000000189989805,5.3520002365112305,0.8799999952316284
1778194372.140,3047.896,23.00800132751465,0.4560000002384186,12.40000057220459,-0.004000000189989805,5.28000020980835,1.4639999866485596
1778194373.143,3048.900,23.00800132751465,0.3680000305175781,12.408000946044922,-0.004000000189989805,5.28000020980835,1.3960000276565552
1778194374.147,3049.903,23.000001907348633,0.5280000567436218,12.44800090789795,-0.004000000189989805,5.344000339508057,1.4759999513626099
1778194375.150,3050.906,23.00800132751465,0.36400002241134644,12.440000534057617,-0.004000000189989805,5.368000030517578,0.9479999542236328
1778194376.153,3051.909,23.00800132751465,0.3800000250339508,12.416000366210938,-0.004000000189989805,5.360000133514404,1.027999997138977
1778194377.155,3052.912,23.00800132751465,0.343999981880188,12.40000057220459,-0.004000000189989805,5.368000030517578,0.8999999761581421
1778194378.158,3053.915,23.000001907348633,0.5160000324249268,12.42400074005127,-0.004000000189989805,5.28000020980835,1.4759999513626099
1778194379.111,3054.868,23.000001907348633,0.3920000195503235,12.456000328063965,-0.004000000189989805,5.28000020980835,0.9960000514984131
1778194380.114,3055.870,23.000001907348633,0.43199998140335083,12.416000366210938,-0.004000000189989805,5.28000020980835,1.6200001239776611
1778194381.117,3056.874,23.000001907348633,0.5280000567436218,12.40000057220459,-0.004000000189989805,5.368000030517578,0.9160000085830688
1778194382.120,3057.877,23.00800132751465,0.5239999890327454,12.44800090789795,-0.00800000037997961,5.28000020980835,0.9760000109672546
1778194383.123,3058.879,23.00800132751465,0.3800000250339508,12.440000534057617,-0.004000000189989805,5.368000030517578,0.9440000653266907
1778194384.126,3059.883,23.000001907348633,0.5479999780654907,12.408000946044922,-0.004000000189989805,5.28000020980835,1.5320000648498535
1778194385.129,3060.886,23.00800132751465,0.3680000305175781,12.42400074005127,-0.004000000189989805,5.368000030517578,0.956000030040741
1778194386.132,3061.888,23.000001907348633,0.36400002241134644,12.432000160217285,-0.004000000189989805,5.28000020980835,1.527999997138977
1778194387.135,3062.891,23.00800132751465,0.36400002241134644,12.408000946044922,-0.004000000189989805,5.368000030517578,0.9200000166893005
1778194388.138,3063.894,23.000001907348633,0.4880000054836273,12.44800090789795,-0.00800000037997961,5.28000020980835,1.5040000677108765
1778194389.141,3064.897,23.00800132751465,0.36400002241134644,12.40000057220459,-0.004000000189989805,5.368000030517578,0.9479999542236328
1778194390.143,3065.900,23.000001907348633,0.5320000052452087,12.440000534057617,-0.004000000189989805,5.368000030517578,1.1920000314712524
1778194391.146,3066.903,23.000001907348633,0.3680000305175781,12.416000366210938,-0.004000000189989805,5.28000020980835,1.5040000677108765
1778194392.149,3067.906,23.000001907348633,0.5239999890327454,12.440000534057617,-0.004000000189989805,5.368000030517578,0.9200000166893005
1778194393.152,3068.908,23.00800132751465,0.5200000405311584,12.416000366210938,-0.004000000189989805,5.288000106811523,0.9239999651908875
1778194394.155,3069.912,23.00800132751465,0.3800000250339508,12.408000946044922,-0.004000000189989805,5.28000020980835,1.0
1778194395.158,3070.915,23.00800132751465,0.3760000169277191,12.408000946044922,-0.004000000189989805,5.28000020980835,1.559999942779541
1778194396.111,3071.867,23.00800132751465,0.5120000243186951,12.440000534057617,-0.004000000189989805,5.28000020980835,1.4800000190734863
1778194397.113,3072.870,23.00800132751465,0.3479999899864197,12.440000534057617,-0.004000000189989805,5.368000030517578,0.8840000629425049
1778194398.116,3073.873,23.00800132751465,0.5120000243186951,12.44800090789795,-0.004000000189989805,5.28000020980835,1.4800000190734863
1778194399.119,3074.876,23.000001907348633,0.3720000088214874,12.44800090789795,-0.004000000189989805,5.368000030517578,0.9399999976158142
1778194400.122,3075.878,23.00800132751465,0.3680000305175781,12.44800090789795,-0.004000000189989805,5.28000020980835,1.5520000457763672
1778194401.126,3076.883,23.000001907348633,0.3720000088214874,12.44800090789795,-0.004000000189989805,5.28000020980835,1.527999997138977
1778194402.130,3077.886,23.000001907348633,0.3760000169277191,12.440000534057617,-0.004000000189989805,5.368000030517578,0.9239999651908875
1778194403.133,3078.889,23.000001907348633,0.3760000169277191,12.440000534057617,-0.004000000189989805,5.28000020980835,1.1200000047683716
1778194404.136,3079.892,22.992000579833984,0.5360000133514404,12.44800090789795,-0.004000000189989805,5.28000020980835,1.5920000076293945
1778194405.138,3080.895,23.000001907348633,0.3720000088214874,12.408000946044922,0.0,5.28000020980835,1.0
1778194406.141,3081.898,22.992000579833984,0.5400000214576721,12.432000160217285,-0.004000000189989805,5.28000020980835,1.0119999647140503
1778194407.144,3082.901,23.000001907348633,0.3680000305175781,12.440000534057617,-0.004000000189989805,5.28000020980835,1.527999997138977
1778194408.147,3083.903,23.000001907348633,0.35600000619888306,12.44800090789795,-0.00800000037997961,5.368000030517578,1.4840000867843628
1778194409.150,3084.906,22.992000579833984,0.5360000133514404,12.432000160217285,-0.004000000189989805,5.28000020980835,0.9920000433921814
1778194410.153,3085.909,23.000001907348633,0.3720000088214874,12.40000057220459,-0.004000000189989805,5.28000020980835,0.9840000867843628
1778194411.156,3086.912,23.000001907348633,0.35600000619888306,12.408000946044922,-0.004000000189989805,5.368000030517578,0.9320000410079956
